Player,Pos,Ht,Wt,Forty,Vertical,BenchReps,BroadJump,Cone,Shuttle,Year,Pfr_ID,AV,Team,Round,Pick
Plaxico Burress,WR,77,231,4.59,33,,115,,,2000,BurrPl00,25,Pittsburgh Steelers,1,8
Kwame Cavil,WR,74,208,4.54,39.5,,118,,,2000,CaviKw00,0,,,
Chris Cole,WR,72,191,4.37,37.5,,125,6.76,4.09,2000,ColeCh00,1,Denver Broncos,3,70
Chris Coleman,WR,72,211,4.61,32.5,,110,6.79,4.1,2000,ColeCh01,0,,,
Laveranues Coles,WR,71,192,4.41,34,,115,6.89,4.39,2000,ColeLa00,26,New York Jets,3,78
Chris Daniels,WR,75,217,4.74,33,,115,7.2,4.24,2000,,0,,,
Brandon Daniels,WR,70,211,4.54,,,,,,2000,,0,,,
JaJuan Dawson,WR,73,199,4.55,34,,117,6.96,4.16,2000,DawsJa00,5,Cleveland Browns,3,79
Ron Dugans,WR,73,206,4.58,,,117,,,2000,DugaRo00,6,Cincinnati Bengals,3,66
Matt Farmer,WR,72,190,4.51,33,,108,6.63,3.94,2000,,0,,,
Danny Farmer,WR,75,217,4.58,,,,,,2000,FarmDa00,5,Pittsburgh Steelers,4,103
Chafie Fields,WR,73,196,4.43,,,,,,2000,,0,,,
Larry Foster,WR,70,198,4.55,37,,121,6.88,4.06,2000,FostLa00,5,,,
Trevor Gaylor,WR,75,199,4.56,37.5,,121,7.03,4.29,2000,GaylTr00,7,San Diego Chargers,4,111
Sherrod Gideon,WR,71,173,4.66,,,,,,2000,,0,,,
Ricky Hall,WR,74,206,4.52,,,,,,2000,,0,,,
Joey Hamilton,WR,73,201,4.54,36,,116,7.57,4.41,2000,,0,,,
Windrell Hayes,WR,71,204,4.5,,,,7.33,4.18,2000,HayeWi00,1,New York Jets,5,143
Leroy Hodge,WR,73,215,4.54,34.5,,116,7.14,4.21,2000,,0,,,
Trevor Insley,WR,72,192,4.7,,,,,,2000,InslTr00,2,,,
Darrell Jackson,WR,72,197,4.56,,,,,,2000,JackDa00,24,Seattle Seahawks,3,80
Dwaune Jones,WR,72,191,4.66,,,,,,2000,,0,,,
Marcus Knight,WR,73,180,4.72,28.5,,106,7.11,4.38,2000,KnigMa00,0,,,
Charles Lee,WR,73,202,4.56,35.5,,125,7.3,4.25,2000,LeexCh00,1,Green Bay Packers,7,242
Anthony Lucas,WR,75,194,4.53,35,,121,,,2000,,0,,,
Alton Lusk,WR,74,182,4.61,36.5,,122,7.16,4.26,2000,,0,,,
Wendell Montgomery,WR,75,203,4.81,35.5,,117,7.01,4.24,2000,,0,,,
Scottie Montgomery,WR,72,196,4.57,36,,117,7.16,4.11,2000,MontSc00,2,,,
Muneer Moore,WR,73,201,4.52,37.5,,129,6.91,4.09,2000,,0,,,
Sylvester Morris,WR,75,216,4.6,34.5,,119,7.06,4.17,2000,MorrSy00,6,Kansas City Chiefs,1,21
Dennis Northcutt,WR,70,175,4.43,37.5,,123,6.96,4.04,2000,NortDe00,13,Cleveland Browns,2,32
Cory Peterson,WR,74,195,4.75,32.5,,114,,,2000,,0,,,
Mareno Philyaw,WR,74,205,4.66,39.5,,129,6.93,4.13,2000,PhilMa20,0,Atlanta Falcons,6,172
Todd Pinkston,WR,74,169,4.45,,,,,,2000,PinkTo00,16,Philadelphia Eagles,2,36
Jerry Porter,WR,74,221,4.48,,,,,,2000,PortJe00,10,Oakland Raiders,2,47
Gari Scott,WR,72,194,4.59,33.5,,119,,,2000,ScotGa00,0,Philadelphia Eagles,4,99
Kofi Shuck,WR,74,180,4.66,33,,119,7.18,4.1,2000,,0,,,
R. Jay Soward,WR,69,177,4.34,35,,124,,,2000,SowaR.00,2,Jacksonville Jaguars,1,29
Quinton Spotwood,WR,71,184,4.55,33.5,,123,,,2000,,0,,,
Travis Taylor,WR,73,199,4.43,37,,118,7.15,,2000,TaylTr01,16,Baltimore Ravens,1,10
Troy Walters,WR,66,171,4.55,32.5,,106,6.61,3.84,2000,WaltTr00,2,Minnesota Vikings,5,165
Peter Warrick,WR,71,194,4.58,,,,,,2000,WarrPe00,16,Cincinnati Bengals,1,4
Dez White,WR,73,218,4.62,37.5,,124,6.91,4.09,2000,WhitDe00,10,Chicago Bears,3,69
James Williams,WR,71,180,4.59,36,,123,7.22,4.16,2000,WillJa01,4,Seattle Seahawks,6,175
Bashir Yamini,WR,75,191,4.53,33,,130,7.09,4.18,2000,YamiBa20,0,,,
Scotty Anderson,WR,74,184,4.57,34.5,,115,,,2001,AndeSc00,8,Detroit Lions,5,148
Alex Bannister,WR,77,201,4.47,30.5,,110,,,2001,BannAl00,1,Seattle Seahawks,5,140
Eddie Berlin,WR,71,191,4.43,39.5,,122,6.78,4.08,2001,BerlEd00,1,Tennessee Titans,5,159
Corey Brown,WR,72,202,4.63,39.5,,126,,,2001,,0,,,
Adrian Burnette,WR,70,191,4.63,,,,,,2001,,0,,,
John Capel,WR,71,177,4.39,36.5,,126,,,2001,,0,,,
Chris Chambers,WR,72,210,4.33,45,,134,,4,2001,ChamCh00,26,Miami Dolphins,2,52
Kenny Clark,WR,73,225,4.59,35.5,,121,,,2001,ClarKe22,0,,,
Ronney Daniels,WR,73,212,4.61,34.5,,118,,,2001,,0,,,
Robert Ferguson,WR,73,205,4.48,36.5,,120,7.24,4.07,2001,FergRo00,9,Green Bay Packers,2,41
Richmond Flowers,WR,71,195,4.55,35.5,,114,6.98,3.96,2001,,0,,,
Rod Gardner,WR,74,219,4.48,,,,,,2001,GardRo00,20,Washington Redskins,1,15
Reggie Germany,WR,73,183,4.39,,,,,,2001,GermRe00,2,Buffalo Bills,7,214
Javon Green,WR,73,211,4.73,35.5,,113,7.41,4.34,2001,,0,,,
Latef Grim,WR,71,188,4.6,,,111,7.27,4.33,2001,,0,,,
Daniel Guy,WR,74,211,4.61,38.5,,125,7.35,4.29,2001,,0,,,
Margin Hooks,WR,71,191,4.5,36,,116,7.08,4.18,2001,,0,,,
Khori Ivy,WR,74,195,4.64,,,,,,2001,,0,,,
Arnold Jackson,WR,68,167,4.48,41,,127,7.42,4.11,2001,JackAr00,0,,,
Cedric James,WR,74,204,4.49,43,,134,,,2001,JameCe00,0,Minnesota Vikings,4,131
Sly Johnson,WR,69,181,4.61,35.5,,115,,,2001,,0,,,
Chad Johnson,WR,73,192,4.57,33,,108,7.51,4.14,2001,JohnCh01,24,Cincinnati Bengals,2,36
Kevin Kasper,WR,72,199,4.42,43.5,,126,6.56,3.73,2001,KaspKe00,2,Denver Broncos,6,190
Robert Kilow,WR,70,171,4.44,,,,,,2001,,0,,,
Andre King,WR,72,199,4.61,,,,,,2001,KingAn00,2,Cleveland Browns,7,245
Dave Klemic,WR,71,188,4.37,36.5,,116,,,2001,,0,,,
David Martin,WR,76,242,4.76,,,,,,2001,MartDa00,3,Green Bay Packers,6,198
Justin McCareins,WR,74,209,4.51,41,,129,7.06,3.99,2001,McCaJu00,14,Tennessee Titans,4,124
Quentin McCord,WR,70,191,4.48,36.5,,112,7.17,4.18,2001,McCoQu00,5,Atlanta Falcons,7,236
Shawn Mills,WR,72,180,4.51,34.5,,116,7.12,4.15,2001,,0,,,
Snoop Minnis,WR,73,171,4.57,37.5,,115,7.06,4.07,2001,MinnMa00,5,Kansas City Chiefs,3,77
Freddie Mitchell,WR,71,185,4.46,39.5,,120,6.95,4.06,2001,MitcFr00,10,Philadelphia Eagles,1,25
Quincy Morgan,WR,73,211,4.48,,,,,,2001,MorgQu00,17,Cleveland Browns,2,33
Santana Moss,WR,70,184,4.31,,,,,,2001,MossSa00,18,New York Jets,1,16
Steve Neal,WR,73,190,4.59,36,,119,7.18,4.19,2001,NealSt20,19,,,
Bobby Newcombe,WR,70,195,4.53,37,,117,6.86,3.98,2001,,0,Arizona Cardinals,6,166
Nate Poole,WR,73,198,4.79,32.5,,112,7.26,4.22,2001,PoolNa01,3,,,
Ken-Yon Rambo,WR,73,196,4.34,,,,,,2001,RambKe00,1,Oakland Raiders,7,229
Koren Robinson,WR,73,211,4.61,,,,,,2001,RobiKo00,25,Seattle Seahawks,1,9
Steve Smith,WR,69,184,4.41,38.5,,121,7.44,4.25,2001,SmitSt01,24,Carolina Panthers,3,74
Vinny Sutherland,WR,69,192,4.48,,,,,,2001,SuthVi00,0,Atlanta Falcons,5,136
Chris Taylor,WR,71,183,4.4,35.5,,115,6.81,3.93,2001,,0,Pittsburgh Steelers,7,218
David Terrell,WR,75,213,4.43,,,,,,2001,TerrDa00,8,Chicago Bears,1,8
Reggie Wayne,WR,72,198,4.45,,,,,,2001,WaynRe00,20,Indianapolis Colts,1,30
Marcus Williams,WR,77,230,4.56,41,,130,7.37,4.2,2001,WillMa21,0,,,
Cedrick Wilson,WR,70,179,4.48,38,,123,,,2001,WilsCe00,7,San Francisco 49ers,6,169
Atrews Bell,WR,71,218,4.52,,,,,,2002,,0,,,
Deion Branch,WR,69,191,4.47,36,,117,6.71,3.78,2002,BranDe00,17,New England Patriots,2,65
Antonio Bryant,WR,73,188,4.57,37,,121,,,2002,BryaAn00,14,Dallas Cowboys,2,63
Reche Caldwell,WR,72,194,4.53,41.5,,130,7,4.1,2002,CaldRe00,8,San Diego Chargers,2,48
Kelly Campbell,WR,70,171,4.48,,,,,,2002,CampKe00,12,,,
Tim Carter,WR,72,190,4.32,39,,126,6.68,3.93,2002,CartTi00,4,New York Giants,2,46
Terry Charles,WR,75,207,4.52,36.5,,122,7.02,4.09,2002,,0,,,
Andre' Davis,WR,73,194,4.42,39.5,,123,6.77,4.1,2002,DaviAn01,13,Cleveland Browns,2,47
Antwaan Randle El,WR,70,191,4.49,,,,,,2002,RandAn00,18,Pittsburgh Steelers,2,62
R.J. English,WR,74,211,4.55,37.5,,121,7.03,4.11,2002,,0,,,
Jabar Gaffney,WR,73,193,4.56,,,,6.87,4.06,2002,GaffJa00,13,Houston Texans,2,33
David Givens,WR,72,217,4.56,40.5,,126,6.82,4.13,2002,GiveDa00,15,New England Patriots,7,253
Herb Haygood,WR,71,193,4.45,33,,114,6.65,4.26,2002,HaygHe20,0,Denver Broncos,5,144
Kahlil Hill,WR,74,200,4.65,35,,,,,2002,HillKa20,0,Atlanta Falcons,6,184
Javin Hunter,WR,71,186,4.47,41,,129,6.84,4.04,2002,HuntJa00,0,Baltimore Ravens,6,206
Ron Johnson,WR,74,225,4.7,34.5,,118,7.12,4.02,2002,JohnRo03,1,Baltimore Ravens,4,123
Emmett Johnson,WR,74,205,4.45,39,,122,7.15,4.1,2002,,0,,,
Daryl Jones,WR,69,180,4.35,,,,,,2002,JoneDa02,1,New York Giants,7,226
Ashley Lelie,WR,75,197,4.49,,,,,,2002,LeliAs00,22,Denver Broncos,1,19
Devin Lewis,WR,74,205,4.54,38.5,,111,,,2002,,0,,,
Aaron Lockett,WR,67,155,4.31,35,,119,6.84,4.11,2002,,0,Tampa Bay Buccaneers,7,254
Lee Mays,WR,73,190,4.55,32.5,,119,7.08,4.17,2002,MaysLe00,1,Pittsburgh Steelers,6,202
Jason McAddley,WR,73,203,4.47,36.5,,123,6.83,4.09,2002,McAdJa00,3,Arizona Cardinals,5,149
Freddie Milons,WR,70,190,4.51,33.5,,117,6.84,,2002,,0,Philadelphia Eagles,5,162
Kendall Newson,WR,74,200,4.69,33.5,,117,6.87,4.27,2002,NewsKe00,1,Jacksonville Jaguars,7,222
Donnie O'Neal,WR,73,191,4.52,38,,126,6.9,,2002,,0,,,
Brian Poli-Dixon,WR,77,210,4.48,,,,,,2002,,0,,,
Pete Rebstock,WR,69,190,4.5,,,,,,2002,,0,,,
Josh Reed,WR,70,210,4.54,,,,,,2002,ReedJo01,12,Buffalo Bills,2,36
Cliff Russell,WR,71,185,4.36,,,,,,2002,RussCl00,0,Washington Redskins,3,87
Jake Schifino,WR,73,200,4.49,,,,,,2002,SchiJa20,0,Tennessee Titans,5,151
Donte' Stallworth,WR,72,197,4.22,,,,,,2002,StalDo00,19,New Orleans Saints,1,13
Lawrence Story,WR,77,205,4.63,33.5,,114,7.06,4.16,2002,,0,,,
T.C. Taylor,WR,76,219,4.69,31,,114,7.59,4.25,2002,,0,,,
Ryan Tolhurst,WR,71,196,4.49,38,,123,6.65,3.88,2002,,0,,,
Javon Walker,WR,75,210,4.38,39.5,,128,6.86,4.05,2002,WalkJa00,25,Green Bay Packers,1,20
Marquise Walker,WR,74,219,4.63,,,,,,2002,,0,,,
Sam Aiken,WR,74,209,4.59,39.5,,121,7.22,,2003,AikeSa00,3,Buffalo Bills,4,127
Paul Arnold,WR,73,213,4.53,40.5,,131,6.84,4.11,2003,,0,,,
Arnaz Battle,WR,73,217,4.58,35,,117,6.74,4.06,2003,BattAr00,5,San Francisco 49ers,6,197
Ronald Bellamy,WR,72,208,4.57,30.5,,119,7.38,4.1,2003,BellRo00,0,,,
Anquan Boldin,WR,73,216,4.72,33.5,,114,7.35,4.33,2003,BoldAn00,25,Arizona Cardinals,2,54
Jamal Burke,WR,72,204,4.56,36,,119,7.2,4.13,2003,,0,,,
Nate Burleson,WR,72,197,4.51,42.5,,126,6.96,4.16,2003,BurlNa00,19,Minnesota Vikings,3,71
Mike Bush,WR,77,198,4.7,,,115,7.42,4.28,2003,,0,,,
Tyrone Calico,WR,76,223,4.34,38,,127,6.73,4.26,2003,CaliTy00,5,Tennessee Titans,2,60
Kevin Curtis,WR,71,186,4.42,36,,122,6.76,3.99,2003,CurtKe00,10,St. Louis Rams,3,74
LaTarence Dunbar,WR,71,196,4.52,34,,122,7.41,4.35,2003,DunbLa20,0,Atlanta Falcons,6,196
Terrence Edwards,WR,72,176,4.5,,,,,,2003,EdwaTe00,0,,,
Doug Gabriel,WR,74,213,4.52,35.5,,116,7.05,4.16,2003,GabrDo00,11,Oakland Raiders,5,167
Justin Gage,WR,76,217,4.45,,,,,,2003,GageJu00,7,Chicago Bears,5,143
Talman Gardner,WR,73,205,4.44,34.5,,116,7.54,4.43,2003,GardTa00,0,New Orleans Saints,7,231
Ryan Hoag,WR,74,200,4.51,38,,125,6.72,3.95,2003,,0,,,
Keenan Howry,WR,70,178,4.56,31.5,,114,7.34,4.28,2003,HowrKe00,0,Minnesota Vikings,7,221
Taylor Jacobs,WR,72,205,4.42,,,,,,2003,JacoTa00,2,Washington Redskins,2,44
Teyo Johnson,WR,77,247,4.61,33.5,,,,,2003,JohnTe00,2,Oakland Raiders,2,63
Bryant Johnson,WR,74,214,4.57,,,,,,2003,JohnBr02,10,Arizona Cardinals,1,17
Bethel Johnson,WR,71,201,4.38,38.5,,127,,,2003,JohnBe00,7,New England Patriots,2,45
Andre Johnson,WR,74,230,4.41,39,,132,,,2003,JohnAn02,26,Houston Texans,1,3
Kareem Kelly,WR,72,186,4.42,35,,125,7.51,4.24,2003,,0,New Orleans Saints,6,203
Brandon Lloyd,WR,72,184,4.62,36,,,,,2003,LloyBr00,12,San Francisco 49ers,4,124
Adrian Madise,WR,71,215,4.49,32,,119,7.32,4.26,2003,MadiAd00,0,Denver Broncos,5,158
Reno Mahe,WR,69,198,4.68,32,,109,7.27,4.23,2003,MaheRe00,3,,,
Shaun McDonald,WR,68,169,4.43,,,,,,2003,McDoSh00,9,St. Louis Rams,4,106
Billy McMullen,WR,76,210,4.61,,,,,,2003,McMuBi00,2,Philadelphia Eagles,3,95
Cecil Moore,WR,73,210,4.6,38,,124,7.03,4.23,2003,,0,,,
Carl Morris,WR,75,214,4.65,33.5,,116,6.93,4.09,2003,,0,,,
Kassim Osgood,WR,77,208,4.68,31,,122,7.19,4.44,2003,OsgoKa00,7,,,
Charles Rogers,WR,74,202,4.4,,,,,,2003,RogeCh01,4,Detroit Lions,1,2
Antwone Savage,WR,71,192,4.47,32,,118,7.37,4.37,2003,,0,,,
Dan Stricker,WR,74,203,4.68,39,,122,6.91,4.16,2003,,0,,,
J.R. Tolver,WR,73,202,4.67,36,,119,6.99,4.23,2003,,0,Miami Dolphins,5,169
Chris Vance,WR,73,189,4.55,,,,,,2003,,0,,,
Bobby Wade,WR,70,193,4.66,34.5,,115,7.01,4.11,2003,WadeBo00,6,Chicago Bears,5,139
Kelley Washington,WR,74,223,4.42,,,,,,2003,WashKe00,7,Cincinnati Bengals,3,65
Walter Young,WR,77,214,4.54,39,,121,6.9,4.25,2003,YounWa00,0,Carolina Panthers,7,226
Derek Abney,WR,69,179,4.58,33.5,,120,6.89,4.08,2004,,0,Baltimore Ravens,7,244
Kevin Beard,WR,72,180,4.46,31,,113,,,2004,,0,,,
Bernard Berrian,WR,73,183,4.58,38,,128,7.34,4.18,2004,BerrBe00,10,Chicago Bears,3,78
Maurice Brown,WR,72,219,4.56,33,,117,7.38,4.21,2004,,0,,,
Drew Carter,WR,76,204,4.36,,,,,,2004,CartDr00,8,Carolina Panthers,5,163
Michael Clayton,WR,75,209,4.67,32.5,,116,6.77,4.09,2004,ClayMi00,15,Tampa Bay Buccaneers,1,15
Keary Colbert,WR,73,207,4.6,30,,,,,2004,ColbKe00,10,Carolina Panthers,2,62
Chris Collins,WR,73,201,4.69,35,,112,,,2004,,0,,,
Terrance Copper,WR,72,208,4.53,35.5,,116,7.34,4.31,2004,CoppTe00,5,,,
Jerricho Cotchery,WR,72,212,4.54,36,,121,6.93,3.91,2004,CotcJe00,14,New York Jets,4,108
Lane Danielson,WR,72,197,4.6,31,,117,6.72,3.94,2004,,0,,,
Devard Darling,WR,73,213,4.52,37,,129,,,2004,DarlDe00,0,Baltimore Ravens,3,82
Lee Evans,WR,71,197,4.39,34.5,,120,,,2004,EvanLe00,28,Buffalo Bills,1,13
Larry Fitzgerald,WR,75,225,4.48,,,,,,2004,FitzLa00,24,Arizona Cardinals,1,3
Carlos Francis,WR,69,198,4.33,38.5,,114,6.97,4.06,2004,FranCa20,0,Oakland Raiders,4,99
D.J. Hackett,WR,74,199,4.53,41,,131,6.79,4.08,2004,HackD.00,13,Seattle Seahawks,5,157
Derrick Hamilton,WR,75,196,4.54,,,,,,2004,HamiDe20,0,San Francisco 49ers,3,77
Devery Henderson,WR,71,198,4.41,,,,,,2004,HendDe00,9,New Orleans Saints,2,50
Michael Jenkins,WR,76,218,4.4,,,,,,2004,JenkMi00,11,Atlanta Falcons,1,29
Justin Jenkins,WR,71,213,4.6,35,,123,7.47,4.16,2004,JenkJu00,0,,,
Tony Johnson,WR,71,202,4.61,32.5,,118,7.16,4.16,2004,,0,,,
B.J. Johnson,WR,71,207,4.5,,,,,,2004,,0,,,
Kelvin Kight,WR,72,213,4.56,34,,109,7.18,4.24,2004,KighKe00,0,,,
Ryan Krause,WR,74,244,4.6,33.5,18,119,6.78,4.16,2004,KrauRy00,1,San Diego Chargers,6,169
Triandos Luke,WR,71,199,4.51,38,,124,7.06,4.17,2004,LukeTr00,0,Denver Broncos,6,171
Maurice Mann,WR,73,191,4.57,34,,118,,,2004,MannMa00,0,Cincinnati Bengals,5,149
Tim Manning,WR,71,179,4.59,28.5,,111,7.24,4.27,2004,,0,,,
Derek McCoy,WR,75,210,4.73,38,,128,7.1,4.09,2004,,0,,,
Jeris McIntyre,WR,71,203,4.46,29,,112,6.98,4.08,2004,,0,Kansas City Chiefs,6,195
Clarence Moore,WR,78,211,4.55,34,,122,6.84,4.16,2004,MoorCl00,2,Baltimore Ravens,6,199
Johnnie Morant,WR,76,229,4.51,41,,130,7.34,4.22,2004,MoraJo00,0,Oakland Raiders,5,134
James Newson,WR,73,213,4.76,31.5,,116,7.41,,2004,,0,,,
Samie Parker,WR,70,179,4.39,36,,,,,2004,ParkSa00,12,Kansas City Chiefs,4,105
Carlos Perez,WR,71,203,4.78,38,,118,,4.45,2004,,0,,,
P.K. Sam,WR,75,210,4.54,34.5,,,7.04,,2004,SamxP.20,0,New England Patriots,5,164
Jonathan Smith,WR,70,194,4.78,32.5,,114,,4.35,2004,SmitJo00,2,Buffalo Bills,7,214
John Standeford,WR,75,197,4.6,32.5,,113,6.9,4.08,2004,StanJo00,2,,,
Kendrick Starling,WR,73,193,4.49,31.5,,119,6.88,3.87,2004,StarKe21,0,,,
Jamaar Taylor,WR,73,197,4.46,,,,,,2004,TaylJa00,1,New York Giants,6,168
Sloan Thomas,WR,73,203,4.5,,,,,,2004,ThomSl00,0,Houston Texans,7,211
Andrae Thurman,WR,71,192,4.54,34.5,,121,7.31,4.3,2004,ThurAn00,1,,,
Darius Watts,WR,73,188,4.5,,,,,,2004,WattDa00,4,Denver Broncos,2,54
Huey Whittaker,WR,76,234,4.62,37,,121,7.06,4.13,2004,,0,,,
Ernest Wilford,WR,76,226,4.79,40.5,,130,,4.17,2004,WilfEr00,15,Jacksonville Jaguars,4,120
Reggie Williams,WR,76,229,4.56,,,,,,2004,WillRe00,14,Jacksonville Jaguars,1,9
Roy Williams,WR,74,212,4.48,,,,,,2004,WillRo04,24,Detroit Lions,1,7
George Wilson,WR,72,213,4.63,35,,120,7.07,3.98,2004,WilsGe01,6,,,
Rashaun Woods,WR,74,202,4.47,39,,125,6.93,3.97,2004,WoodRa00,1,San Francisco 49ers,1,31
Carlos Wright,WR,73,203,4.65,34,,122,7.12,4.31,2004,,0,,,
Kevin Youngblood,WR,76,213,4.64,34,,,,,2004,YounKe00,0,,,
Mark Bradley,WR,73,201,4.37,39.5,,128,6.96,3.98,2005,BradMa00,5,Chicago Bears,2,39
Craig Bragg,WR,73,196,4.46,36,,,,,2005,,0,Green Bay Packers,6,195
Reggie Brown,WR,74,196,4.45,41.5,,128,6.99,3.94,2005,BrowRe01,18,Philadelphia Eagles,2,35
Mark Clayton,WR,70,193,4.41,36.5,,118,6.95,4.07,2005,ClayMa01,16,Baltimore Ravens,1,22
Airese Currie,WR,70,186,4.49,38,,125,7.05,4.07,2005,CurrAi00,0,Chicago Bears,5,140
Josh Davis,WR,72,191,4.52,37.5,,118,7.19,4.22,2005,,0,,,
Braylon Edwards,WR,75,211,4.45,,,,,,2005,EdwaBr00,23,Cleveland Browns,1,3
Charles Frederick,WR,71,194,4.78,33,,108,7.39,4.25,2005,,0,,,
Fred Gibson,WR,76,196,4.55,38.5,,126,7.03,4.1,2005,,0,Pittsburgh Steelers,4,131
Howard Gilmore,WR,72,194,4.71,36,,113,7.56,4.44,2005,,0,,,
Reggie Harrell,WR,75,214,4.58,35,,115,7.42,4.11,2005,,0,,,
Chris Henry,WR,76,197,4.5,,,,,,2005,HenrCh00,14,Cincinnati Bengals,3,83
Efrem Hill,WR,72,179,4.58,37.5,,124,7.42,4.07,2005,,0,,,
Vincent Jackson,WR,77,241,4.46,39,,,,,2005,JackVi00,15,San Diego Chargers,2,61
Brandon Jones,WR,73,210,4.42,37,,114,7.03,4.08,2005,JoneBr02,8,Tennessee Titans,3,96
Chase Lyman,WR,75,217,4.5,,,,,,2005,,0,New Orleans Saints,4,118
Tony Madison,WR,73,213,4.52,39,,121,7.13,4.3,2005,,0,,,
Tommy Manus,WR,76,222,4.55,38,,120,7.2,4.34,2005,,0,,,
Rasheed Marshall,WR,72,185,4.51,38,,121,6.81,3.95,2005,MarsRa00,0,San Francisco 49ers,5,174
Jerome Mathis,WR,71,181,4.28,35.5,,123,,,2005,MathJe00,4,Houston Texans,4,114
Leron McCoy,WR,73,211,4.4,37,,120,7.19,4.21,2005,McCoLe00,1,Arizona Cardinals,7,226
Lance Moore,WR,69,177,4.52,,,,,,2005,MoorLa00,12,,,
Terrence Murphy,WR,73,202,4.39,,,,,,2005,MurpTe00,0,Green Bay Packers,2,58
Chad Owens,WR,67,183,4.62,37,,116,6.7,3.94,2005,OwenCh00,0,Jacksonville Jaguars,6,185
Roscoe Parrish,WR,70,168,4.37,,,,,,2005,ParrRo00,9,Buffalo Bills,2,55
Tab Perry,WR,74,229,4.46,34,,116,7,,2005,PerrTa00,1,Cincinnati Bengals,6,190
Jamaica Rector,WR,70,186,4.47,36.5,,122,6.78,4.13,2005,RectJa00,0,,,
Dante' Ridgeway,WR,71,212,4.57,33,,117,7.25,4.39,2005,,0,,,
Courtney Roby,WR,72,189,4.41,36.5,,126,6.6,3.94,2005,RobyCo00,2,Tennessee Titans,3,68
J.R. Russell,WR,75,206,4.56,34.5,,,,,2005,,0,Tampa Bay Buccaneers,7,253
Steve Savoy,WR,71,192,4.62,,,,,,2005,,0,,,
Dan Sheldon,WR,69,179,4.43,,,,,,2005,,0,,,
Chauncey Stovall,WR,73,221,4.62,,,,,,2005,,0,,,
Craphonso Thorpe,WR,73,188,4.38,,,,,,2005,ThorCr00,1,Kansas City Chiefs,4,116
Paris Warren,WR,72,219,4.71,31.5,,,,,2005,WarrPa00,0,Tampa Bay Buccaneers,7,225
Isaac West,WR,72,187,4.46,37,,124,7.21,4.22,2005,,0,,,
Roddy White,WR,73,207,4.46,,,,,,2005,WhitRo00,19,Atlanta Falcons,1,27
Mike Williams,WR,77,229,4.56,36.5,,,,,2005,WillMi03,5,Detroit Lions,1,10
Troy Williamson,WR,73,203,4.32,,,,6.99,,2005,WillTr01,8,Minnesota Vikings,1,7
David Anderson,WR,70,192,4.57,34,,116,6.88,4.2,2006,AndeDa01,3,Houston Texans,7,251
Devin Aromashodu,WR,74,201,4.35,39,,120,7.04,4.16,2006,AromDe00,5,Miami Dolphins,7,233
Miles Austin,WR,74,215,4.47,40.5,21,123,7.09,4.14,2006,AustMi00,3,,,
Jason Avant,WR,72,212,4.62,37,20,118,,,2006,AvanJa00,6,Philadelphia Eagles,4,109
Hank Baskett,WR,75,224,4.5,35,,119,6.79,4.17,2006,BaskHa00,9,,,
Damarius Bilbo,WR,74,214,4.7,36.5,19,115,6.9,4.18,2006,,0,,,
Jeremy Bloom,WR,69,173,4.49,,,,,,2006,,0,,,
Jovon Bouknight,WR,73,195,4.71,34,,120,6.93,4.03,2006,,0,,,
Jason Carter,WR,72,211,4.6,33,,116,6.89,4.21,2006,CartJa00,0,,,
Marques Colston,WR,77,224,4.5,37,16,123,6.94,4.43,2006,ColsMa00,28,New Orleans Saints,7,252
Chris Denney,WR,75,224,4.65,33,13,110,7.02,4.33,2006,,0,,,
Skyler Green,WR,69,192,4.53,34,,118,,,2006,GreeSk20,0,Dallas Cowboys,4,125
Derek Hagan,WR,74,208,4.45,36,,124,,4.07,2006,HagaDe00,5,Miami Dolphins,3,82
Chris Hannon,WR,75,205,4.48,34.5,,122,,,2006,,0,,,
Mike Hass,WR,73,208,4.59,32,,116,6.97,4.14,2006,HassMi00,0,New Orleans Saints,6,171
Devin Hester,WR,71,190,4.41,38,16,124,,,2006,HestDe99,28,Chicago Bears,2,57
Ed Hinkel,WR,72,190,4.54,34,,116,6.97,4.1,2006,,0,,,
Santonio Holmes,WR,71,188,4.35,,,,,,2006,HolmSa00,26,Pittsburgh Steelers,1,25
Chad Jackson,WR,73,213,4.32,38.5,,122,6.73,3.97,2006,JackCh00,2,New England Patriots,2,36
Greg Jennings,WR,71,197,4.42,36.5,,117,6.68,4.16,2006,JennGr00,26,Green Bay Packers,2,52
Adam Jennings,WR,69,181,4.44,37.5,,118,6.88,4.12,2006,JennAd00,0,Atlanta Falcons,6,184
Greg Lee,WR,74,201,4.59,35.5,,114,6.8,4.09,2006,,0,,,
Brandon Marshall,WR,76,229,4.52,37,,120,,,2006,MarsBr00,26,Denver Broncos,4,119
Anthony Mix,WR,76,235,4.48,31.5,,111,,,2006,MixxAn00,0,,,
Sinorice Moss,WR,68,185,4.38,,,,,,2006,MossSi00,4,New York Giants,2,44
Martin Nance,WR,76,213,4.55,33.5,,112,6.91,4.08,2006,NancMa00,0,,,
Ben Obomanu,WR,73,205,4.45,38,,116,7.17,4.21,2006,ObomBe00,5,Seattle Seahawks,7,249
Jonathan Orr,WR,74,198,4.44,35.5,,119,7.31,4.16,2006,,0,Tennessee Titans,6,172
Willie Reid,WR,70,188,4.34,37.5,,117,7.06,4.26,2006,ReidWi00,1,Pittsburgh Steelers,3,95
Michael Robinson,WR,73,227,4.57,,,,,,2006,RobiMi00,4,San Francisco 49ers,4,100
Cory Rodgers,WR,72,188,4.58,33.5,,110,7.37,4.19,2006,,0,Green Bay Packers,4,104
Richie Ross,WR,76,209,4.61,37,,120,6.95,4.29,2006,,0,,,
Brad Smith,WR,74,213,4.46,39.5,,128,7,4.33,2006,SmitBr01,6,New York Jets,4,103
Clinton Solomon,WR,75,214,4.58,33,,114,7.17,4.46,2006,,0,,,
Maurice Stovall,WR,76,217,4.57,35,,122,6.81,4.14,2006,StovMa00,2,Tampa Bay Buccaneers,3,90
Delanie Walker,WR,73,240,4.49,36.5,,118,,,2006,,0,,,
Todd Watkins,WR,74,202,4.4,36,15,118,7.13,4.24,2006,WatkTo20,1,Arizona Cardinals,7,218
Jeff Webb,WR,74,211,4.4,37,,126,6.81,4.08,2006,WebbJe00,2,Kansas City Chiefs,6,190
Brandon Williams,WR,69,179,4.48,34.5,,115,6.87,4.07,2006,WillBr01,0,San Francisco 49ers,3,84
Demetrius Williams,WR,74,197,4.52,38,,127,6.84,4.08,2006,WillDe03,8,Baltimore Ravens,4,111
Travis Wilson,WR,74,214,4.47,36.5,,120,6.7,3.99,2006,WilsTr00,0,Cleveland Browns,3,78
Aundrae Allison,WR,72,198,4.39,37,,127,,,2007,AlliAu00,3,Minnesota Vikings,5,146
Dallas Baker,WR,75,208,4.53,36,,129,6.69,4.19,2007,BakeDa01,0,Pittsburgh Steelers,7,227
Reggie Ball,WR,71,203,4.67,30,15,112,6.9,4.19,2007,,0,,,
David Ball,WR,73,196,4.7,,,,6.94,4.21,2007,,0,,,
Dwayne Bowe,WR,74,221,4.51,33,,125,6.81,4.35,2007,BoweDw00,19,Kansas City Chiefs,1,23
Steve Breaston,WR,72,193,4.46,33,,124,6.9,4.29,2007,BreaSt00,18,Arizona Cardinals,5,142
David Clowney,WR,72,188,4.36,32.5,,123,7,4.15,2007,ClowDa00,3,Green Bay Packers,5,157
Jemalle Cornelius,WR,71,184,4.57,34.5,,123,6.99,4.3,2007,,0,,,
Chris Davis,WR,70,181,4.5,35.5,,115,6.66,4.14,2007,DaviCh02,0,Tennessee Titans,4,128
Buster Davis,WR,73,207,4.41,,,,,,2007,DaviBu99,2,Arizona Cardinals,3,69
Aaron Fairooz,WR,78,209,4.49,36,,125,6.89,4.27,2007,,0,,,
Yamon Figurs,WR,71,174,4.3,,,123,6.85,4.21,2007,FiguYa00,2,Baltimore Ravens,3,74
Joel Filani,WR,74,211,4.57,32.5,17,117,,,2007,,0,Tennessee Titans,6,188
Ted Ginn,WR,71,178,4.38,,,,,,2007,GinnTe00,18,Miami Dolphins,1,9
Anthony Gonzalez,WR,72,193,4.44,38,,123,6.54,4.08,2007,GonzAn00,15,Indianapolis Colts,1,32
Jarrett Hicks,WR,75,210,4.67,34.5,,120,,,2007,,0,,,
Johnnie Lee Higgins,WR,71,186,4.48,36.5,,122,6.62,4.32,2007,HiggJo00,8,Oakland Raiders,3,99
Jason Hill,WR,72,204,4.32,37,,123,7.02,4.22,2007,HillJa00,4,San Francisco 49ers,3,76
Jonathan Holland,WR,72,191,4.45,35.5,15,120,7.12,4.4,2007,HollJo01,1,Oakland Raiders,7,254
Drisan James,WR,72,193,4.52,39,14,126,7.09,4.39,2007,,0,,,
Dwayne Jarrett,WR,76,219,4.62,,,,,,2007,JarrDw00,4,Carolina Panthers,2,45
Calvin Johnson,WR,77,239,4.35,,,,,,2007,JohnCa00,23,Detroit Lions,1,2
Onrea Jones,WR,71,202,4.42,39,,121,7.05,4.28,2007,JoneOn20,0,,,
James Jones,WR,73,207,4.54,34,22,119,7.06,4.2,2007,JoneJa04,14,Green Bay Packers,3,78
Jacoby Jones,WR,75,210,4.5,34,,129,7.03,4.31,2007,JoneJa03,9,Houston Texans,3,73
Jordan Kent,WR,76,217,4.49,,,,,,2007,KentJo20,0,Seattle Seahawks,6,210
Mike Mason,WR,72,190,4.4,39.5,,129,6.94,4.08,2007,,0,,,
Marquay McDaniel,WR,70,205,4.52,33.5,19,114,7.13,4.35,2007,,0,,,
Rhema McKnight,WR,73,211,4.53,34,,118,6.84,4.16,2007,,0,,,
Robert Meachem,WR,74,214,4.39,37.5,,121,6.97,4.31,2007,MeacRo00,17,New Orleans Saints,1,27
Ryan Moore,WR,74,217,4.54,32,,110,6.87,4.35,2007,,0,,,
Legedu Naanee,WR,74,225,4.41,40,19,119,,,2007,NaanLe00,5,San Diego Chargers,5,172
Syvelle Newton,WR,73,218,4.64,,20,,,,2007,,0,,,
Jerard Rabb,WR,74,201,4.58,36.5,,125,6.99,4.19,2007,,0,,,
Sidney Rice,WR,75,200,4.51,39.5,,119,7.09,4.34,2007,RiceSi01,19,Minnesota Vikings,2,44
Ryne Robinson,WR,69,179,4.47,35,,123,6.71,4.21,2007,RobiRy00,0,Carolina Panthers,4,118
Laurent Robinson,WR,74,199,4.38,39,19,127,6.83,4.28,2007,RobiLa01,5,Atlanta Falcons,3,75
Mike Sims-Walker,WR,74,209,4.35,36.5,18,121,6.92,4.39,2007,WalkMi01,16,Jacksonville Jaguars,3,79
Bret Smith,WR,74,173,4.55,,,,,,2007,,0,,,
Steve Smith,WR,72,197,4.44,38,,120,6.68,4.19,2007,SmitSt02,18,New York Giants,2,51
Syndric Steptoe,WR,69,194,4.59,33,17,,,,2007,StepSy20,1,Cleveland Browns,7,234
Chansi Stuckey,WR,71,197,4.56,35,,120,6.91,4.14,2007,StucCh20,10,New York Jets,7,235
Jayson Swain,WR,72,212,4.63,33,,,,,2007,,0,,,
Courtney Taylor,WR,74,204,4.5,36,,122,7.22,4.28,2007,TaylCo00,1,Seattle Seahawks,6,197
Paul Thompson,WR,76,216,4.62,33.5,,127,6.81,4.11,2007,,0,,,
Matt Trannon,WR,78,216,4.57,36.5,13,118,7.09,4.34,2007,,0,,,
Chandler Williams,WR,71,184,4.42,32.5,,123,6.99,4.29,2007,,0,Minnesota Vikings,7,233
Paul Williams,WR,73,205,4.45,38.5,,125,7.03,4.24,2007,WillPa00,0,Tennessee Titans,3,80
D'Juan Woods,WR,72,208,4.58,36.5,,120,6.89,4.34,2007,WoodDJ20,0,,,
Danny Amendola,WR,70,183,4.58,27.5,13,103,6.81,4.25,2008,AmenDa00,8,,,
Adrian Arrington,WR,75,203,4.55,,,,,,2008,ArriAd00,1,New Orleans Saints,7,237
Donnie Avery,WR,71,192,4.43,,16,,,,2008,AverDo00,9,St. Louis Rams,2,33
Earl Bennett,WR,71,209,4.48,26,15,110,7.15,4.22,2008,BennEa00,12,Chicago Bears,3,70
Davone Bess,WR,70,194,4.64,31.5,12,118,6.97,4.27,2008,BessDa00,17,,,
Todd Blythe,WR,77,214,4.65,31.5,,118,6.92,4.23,2008,,0,,,
Adarius Bowman,WR,75,223,4.74,,14,,,,2008,,0,,,
Mark Bradford,WR,73,211,4.69,36.5,19,120,7.12,4.47,2008,,0,,,
Brandon Breazell,WR,72,160,4.41,30.5,,115,6.97,,2008,,0,,,
Travis Brown,WR,74,202,4.49,30,13,120,7.18,4.38,2008,,0,,,
Dorien Bryant,WR,70,174,4.49,,,119,6.88,4.24,2008,,0,,,
Keenan Burton,WR,72,201,4.44,38.5,10,125,6.77,4.2,2008,BurtKe00,3,St. Louis Rams,4,128
Andre Caldwell,WR,72,204,4.35,33,,124,6.75,4.11,2008,CaldAn00,8,Cincinnati Bengals,3,97
Early Doucet,WR,72,209,4.59,,,,,,2008,DoucEa00,5,Arizona Cardinals,3,81
Harry Douglas,WR,71,176,4.51,31,,120,6.57,4.12,2008,DougHa00,13,Atlanta Falcons,3,84
De'Cody Fagg,WR,73,211,4.61,,,,,,2008,,0,,,
Will Franklin,WR,72,214,4.37,34.5,,,,,2008,FranWi00,1,Kansas City Chiefs,4,105
Pierre Garcon,WR,72,210,4.42,36.5,20,125,6.9,4.19,2008,GarcPi00,17,Indianapolis Colts,6,205
Ryan Grice-Mullen,WR,70,187,4.53,27.5,17,118,6.91,4.16,2008,,0,,,
D.J. Hall,WR,74,193,4.54,29.5,,122,,,2008,,0,,,
James Hardy,WR,77,217,4.45,31.5,18,125,6.84,4.2,2008,HardJa00,1,Buffalo Bills,2,41
Justin Harper,WR,75,213,4.56,28.5,,120,7.03,4.43,2008,HarpJu01,0,Baltimore Ravens,7,215
Lavelle Hawkins,WR,71,187,4.57,,14,117,,,2008,HawkLa00,3,Tennessee Titans,4,126
Marcus Henry,WR,76,207,4.55,31.5,,126,7.08,4.3,2008,HenrMa00,0,New York Jets,6,171
Paul Hubbard,WR,75,221,4.49,29.5,15,126,,,2008,HubbPa00,0,Cleveland Browns,6,191
Dexter Jackson,WR,69,182,4.33,29.5,,122,6.81,4.38,2008,JackDe01,0,Tampa Bay Buccaneers,2,58
DeSean Jackson,WR,70,169,4.35,,,120,,,2008,JackDe00,34,Philadelphia Eagles,2,49
Darnell Jenkins,WR,69,187,4.52,26.5,13,115,7.33,4.37,2008,JenkDa20,0,,,
Stevie Johnson,WR,74,210,4.46,32.5,,121,7.07,4.26,2008,,0,,,
Jaymar Johnson,WR,71,177,4.5,32,14,118,6.75,4.18,2008,JohnJa01,0,Minnesota Vikings,6,193
Malcolm Kelly,WR,76,224,4.68,,,,,,2008,KellMa01,3,Washington Redskins,2,51
Mario Manningham,WR,72,181,4.59,32,16,117,7.34,4.27,2008,MannMa01,15,New York Giants,3,95
Shaheer McBride,WR,73,205,4.61,29,,112,7.12,4.48,2008,,0,,,
Marcus Monk,WR,76,222,4.56,34.5,9,119,7.08,4.3,2008,MonkMa00,0,Chicago Bears,7,248
Kenneth Moore,WR,71,195,4.47,28,,120,7.09,4.3,2008,MoorKe00,1,Detroit Lions,5,136
Josh Morgan,WR,72,219,4.46,,,,,,2008,MorgJo00,13,San Francisco 49ers,6,174
Jordy Nelson,WR,75,217,4.51,31,,123,7.03,4.35,2008,NelsJo00,11,Green Bay Packers,2,36
Brian Paysinger,WR,74,206,4.55,,,,,,2008,,0,,,
Billy Pittman,WR,71,189,4.7,32.5,12,114,7.04,4.4,2008,,0,,,
Maurice Purify,WR,75,224,4.5,28.5,,117,6.95,4.29,2008,PuriMa00,0,,,
Darius Reynaud,WR,69,201,4.48,34.5,20,130,6.88,4.32,2008,ReynDa00,0,,,
Jason Rivers,WR,73,200,4.59,30,,118,7.03,4.32,2008,,0,,,
Kevin Robinson,WR,71,202,4.69,27.5,,115,7.31,4.77,2008,RobiKe00,0,Kansas City Chiefs,6,182
Eddie Royal,WR,70,184,4.39,36,24,124,7.07,4.34,2008,RoyaEd00,19,Denver Broncos,2,42
Lorne Sam,WR,74,220,4.59,33,23,122,7.11,4.35,2008,,0,,,
Arman Shields,WR,73,194,4.37,37.5,19,128,6.67,3.96,2008,ShieAr00,0,Oakland Raiders,4,125
Jerome Simpson,WR,74,199,4.42,37.5,,136,7.08,4.52,2008,SimpJe00,2,Cincinnati Bengals,2,46
Marcus Smith,WR,73,221,4.51,26.5,20,111,7.1,4.42,2008,SmitMa01,0,Baltimore Ravens,4,106
Taj Smith,WR,72,187,4.59,35,,119,7.15,4.5,2008,SmitTa00,0,,,
Limas Sweed,WR,76,215,4.48,35,,,,,2008,SweeLi00,1,Pittsburgh Steelers,2,53
Devin Thomas,WR,74,216,4.41,28,,126,7.15,4.26,2008,ThomDe02,4,Washington Redskins,2,34
Mario Urrutia,WR,77,232,4.59,30,16,115,7.07,4.44,2008,UrruMa00,0,Cincinnati Bengals,7,246
Joe West,WR,73,213,4.52,32,20,113,6.96,4.33,2008,,0,,,
Ramses Barden,WR,78,229,4.51,33.5,17,118,,4.26,2009,BardRa00,2,New York Giants,3,85
Kenny Britt,WR,75,218,4.47,37,23,124,,4.47,2009,BritKe00,17,Tennessee Titans,1,30
Deon Butler,WR,70,182,4.31,34.5,12,118,7.01,4.48,2009,ButlDe00,4,Seattle Seahawks,3,91
Demetrius Byrd,WR,72,199,4.35,31.5,,117,,,2009,,0,San Diego Chargers,7,224
Jeremy Childs,WR,72,200,4.47,33.5,,115,6.9,4.26,2009,,0,,,
Austin Collie,WR,73,200,4.53,34,17,120,6.78,4.24,2009,CollAu00,18,Indianapolis Colts,4,127
Quan Cosby,WR,69,196,4.5,,,,7.28,4.47,2009,CosbQu00,0,,,
Michael Crabtree,WR,73,215,4.54,,,,,,2009,CrabMi00,21,San Francisco 49ers,1,10
Jarett Dillard,WR,70,191,4.5,42.5,13,129,7.1,4.41,2009,DillJa00,3,Jacksonville Jaguars,5,144
Dominique Edison,WR,74,204,4.42,37,,120,,4.18,2009,EdisDo00,0,Tennessee Titans,6,206
Brooks Foster,WR,72,211,4.44,,27,,,,2009,FostBr00,0,St. Louis Rams,5,160
Brandon Gibson,WR,72,210,4.59,,,,,,2009,GibsBr00,9,Philadelphia Eagles,6,194
Brian Hartline,WR,74,195,4.49,34.5,,120,6.65,4.12,2009,HartBr00,14,Miami Dolphins,4,108
Percy Harvin,WR,71,192,4.39,,19,,,,2009,HarvPe00,32,Minnesota Vikings,1,22
Darrius Heyward-Bey,WR,74,210,4.3,38.5,16,126,6.8,4.18,2009,HeywDa00,13,Oakland Raiders,1,7
Juaquin Iglesias,WR,73,210,4.44,34.5,,116,,4.4,2009,IgleJu00,0,Chicago Bears,3,99
Taurus Johnson,WR,72,206,4.49,35.5,18,121,7.37,4.24,2009,,0,,,
Manuel Johnson,WR,71,189,4.5,,,,,,2009,JohnMa04,0,Dallas Cowboys,7,229
Aaron Kelly,WR,76,204,4.49,38,11,119,7.25,4.45,2009,,0,,,
Johnny Knox,WR,71,185,4.34,35,,122,6.81,4.15,2009,KnoxJo00,20,Chicago Bears,5,140
Quinten Lawrence,WR,72,184,4.4,,20,,,,2009,LawrQu00,0,Kansas City Chiefs,6,175
Jeremy Maclin,WR,72,198,4.43,,,,,,2009,MaclJe00,23,Philadelphia Eagles,1,19
Brennan Marion,WR,71,187,4.52,,,,,,2009,,0,,,
Mohamed Massaquoi,WR,73,210,4.51,36.5,,127,,,2009,MassMo00,11,Cleveland Browns,2,50
Kenny McKinley,WR,72,189,4.37,37,,113,6.96,4.1,2009,McKiKe00,0,Denver Broncos,5,141
Andrew Means,WR,73,214,4.36,34.5,12,116,6.85,4.21,2009,,0,,,
Marko Mitchell,WR,76,218,4.43,32,9,116,7.04,4.33,2009,MitcMa00,0,Washington Redskins,7,243
Louis Murphy,WR,74,203,4.32,,12,,,,2009,MurpLo00,11,Oakland Raiders,4,124
Hakeem Nicks,WR,73,212,4.51,36,,,,,2009,NickHa01,26,New York Giants,1,29
Jordan Norwood,WR,71,179,4.58,38,,119,6.8,4.2,2009,NorwJo00,3,,,
Kevin Ogletree,WR,72,196,4.36,36,,122,6.67,4.08,2009,OgleKe00,2,,,
Greg Orton,WR,75,207,4.61,38,22,125,6.9,4.33,2009,OrtoGr00,0,,,
Darius Passmore,WR,72,188,4.46,33.5,,,,,2009,,0,,,
David Richmond,WR,74,197,4.59,36.5,,,,4.42,2009,,0,,,
Brian Robiskie,WR,75,209,4.46,37.5,,,6.72,4.19,2009,RobiBr00,3,Cleveland Browns,2,36
Sammie Stroughter,WR,69,189,4.45,30,13,110,7.03,4.28,2009,StroSa00,5,Tampa Bay Buccaneers,7,233
Nate Swift,WR,73,203,4.63,35.5,12,110,6.78,4.24,2009,,0,,,
Brandon Tate,WR,72,183,4.52,,,,,,2009,TateBr00,9,New England Patriots,3,83
Mike Thomas,WR,68,195,4.3,40.5,,126,6.65,4.28,2009,ThomMi01,20,Jacksonville Jaguars,4,107
Patrick Turner,WR,77,223,4.59,,,,,,2009,TurnPa00,1,Miami Dolphins,3,87
Tiquan Underwood,WR,73,184,4.31,41.5,7,129,6.62,4.11,2009,UndeTi00,1,Jacksonville Jaguars,7,253
Mike Wallace,WR,72,199,4.33,40,14,129,6.9,4.27,2009,WallMi00,28,Pittsburgh Steelers,3,84
Derrick Williams,WR,71,194,4.47,33,15,,,,2009,WillDe05,0,Detroit Lions,3,82
Jaison Williams,WR,76,237,4.47,35.5,14,118,7.37,4.56,2009,,0,,,
Seyi Ajirotutu,WR,75,204,4.6,36,14,115,7.22,4.39,2010,AjirSe00,3,,,
Danario Alexander,WR,77,215,4.62,,,,,,2010,AlexDa00,9,,,
Alric Arnett,WR,74,188,4.52,40,,122,7.03,4.43,2010,,0,,,
Brandon Banks,WR,67,149,4.37,31,,113,6.88,4.29,2010,BankBr00,1,,,
Chris Bell,WR,74,211,4.5,35,15,117,6.76,4.35,2010,,0,,,
Arrelious Benn,WR,73,219,4.57,37,20,118,,,2010,BennAr00,7,Tampa Bay Buccaneers,2,39
Nyan Boateng,WR,73,204,4.66,36,14,112,7.35,4.69,2010,,0,,,
Dezmon Briscoe,WR,74,207,4.66,33,9,115,7.1,4.57,2010,BrisDe00,4,Cincinnati Bengals,6,191
Antonio Brown,WR,70,186,4.56,33.5,13,105,6.98,4.18,2010,BrowAn04,18,Pittsburgh Steelers,6,195
Dez Bryant,WR,74,225,4.52,,,,,,2010,BryaDe01,26,Dallas Cowboys,1,24
Chris Carter,WR,71,191,4.49,,12,,,,2010,,0,,,
Riley Cooper,WR,75,222,4.53,33,,114,,,2010,CoopRi00,6,Philadelphia Eagles,5,159
Eric Decker,WR,75,217,4.54,,15,,,,2010,DeckEr00,17,Denver Broncos,3,87
Marcus Easley,WR,75,210,4.39,34,16,123,6.94,4.6,2010,EaslMa00,0,Buffalo Bills,4,107
Armanti Edwards,WR,71,187,4.41,,,,,,2010,EdwaAr00,1,Carolina Panthers,3,89
Jacoby Ford,WR,69,186,4.28,33.5,15,115,7,4.44,2010,FordJa01,11,Oakland Raiders,4,108
David Gettis,WR,75,217,4.43,34.5,15,124,6.94,4.41,2010,GettDa00,3,Carolina Panthers,6,198
Mardy Gilyard,WR,72,187,4.61,39,,116,6.92,4.4,2010,GilyMa00,1,St. Louis Rams,4,99
Shay Hodge,WR,73,209,4.62,33.5,11,117,6.9,4.32,2010,,0,,,
Trindon Holliday,WR,65,166,4.34,42,10,116,6.54,4.48,2010,HollTr00,4,Houston Texans,6,197
Donald Jones,WR,72,214,4.46,41,20,119,6.9,4.2,2010,JoneDo00,8,,,
Kevin Jurovich,WR,71,188,4.45,,14,,,,2010,JuroKe00,0,,,
Brandon LaFell,WR,74,211,4.58,36,,115,6.81,4.23,2010,LaFeBr00,15,Carolina Panthers,3,78
Scott Long,WR,74,216,4.46,41.5,20,123,6.45,4.09,2010,,0,,,
Dexter McCluster,WR,69,172,4.53,37.5,20,118,,4.06,2010,McClDe00,11,Kansas City Chiefs,2,36
Chris McGaha,WR,73,201,4.52,40,19,122,,4.21,2010,,0,,,
Kerry Meier,WR,74,224,4.62,35,13,115,,4.23,2010,MeieKe00,0,Atlanta Falcons,5,165
Carlton Mitchell,WR,75,215,4.46,36,16,122,6.96,4.55,2010,MitcCa00,0,Cleveland Browns,6,177
Preston Parker,WR,71,199,4.59,35,16,117,,4.16,2010,ParkPr00,4,,,
Jared Perry,WR,73,178,4.51,33.5,11,121,6.75,4.39,2010,,0,,,
Taylor Price,WR,72,204,4.4,37,16,114,6.82,4.34,2010,PricTa00,1,New England Patriots,3,90
David Reed,WR,72,191,4.56,37,15,114,6.95,4.38,2010,ReedDa00,2,Baltimore Ravens,5,156
Andre Roberts,WR,71,195,4.4,36,15,120,6.77,4.15,2010,RobeAn00,11,Arizona Cardinals,3,88
Emmanuel Sanders,WR,71,186,4.4,39.5,12,126,6.64,4.1,2010,SandEm00,10,Pittsburgh Steelers,3,82
Jordan Shipley,WR,71,193,4.6,36.5,16,116,,,2010,ShipJo00,7,Cincinnati Bengals,3,84
Golden Tate,WR,70,199,4.42,35,17,120,7.12,4.34,2010,TateGo00,13,Seattle Seahawks,2,60
Demaryius Thomas,WR,75,224,4.52,,,,,,2010,ThomDe03,19,Denver Broncos,1,22
Verran Tucker,WR,74,200,4.65,,,,,,2010,TuckVe00,1,,,
Chastin West,WR,72,212,4.59,33.5,15,113,,,2010,WestCh00,1,,,
Blair White,WR,74,209,4.49,33.5,18,115,6.69,4.03,2010,WhitBl00,3,,,
Damian Williams,WR,73,197,4.52,38,19,118,6.79,4.24,2010,WillDa04,8,Tennessee Titans,3,77
Jeremy Williams,WR,72,206,4.59,36,14,117,6.73,,2010,,0,,,
Kyle Williams,WR,70,188,4.4,33,11,118,7,4.19,2010,WillKy01,5,San Francisco 49ers,6,206
Mike Williams,WR,73,221,4.53,33.5,8,116,6.9,4.31,2010,WillMi04,24,Tampa Bay Buccaneers,4,101
Stephen Williams,WR,76,210,4.5,36.5,15,125,6.81,4.11,2010,WillSt01,1,,,
Ryan Wolfe,WR,73,205,4.65,,13,,,,2010,,0,,,
Darvin Adams,WR,74,190,4.56,,,,,,2011,AdamDa00,0,,,
Jon Baldwin,WR,76,228,4.49,42,20,129,7.07,4.34,2011,BaldJo00,4,Kansas City Chiefs,1,26
Armon Binns,WR,75,209,4.5,31.5,13,118,6.86,4.31,2011,BinnAr00,3,,,
Vincent Brown,WR,71,187,4.68,33.5,12,121,6.64,4.25,2011,BrowVi00,8,San Diego Chargers,3,82
DeAndre Brown,WR,78,233,4.59,29,20,117,6.93,4.33,2011,,0,,,
Stephen Burton,WR,73,221,4.5,34.5,19,117,7.04,4.31,2011,BurtSt00,0,Minnesota Vikings,7,236
Randall Cobb,WR,70,191,4.46,33.5,16,115,7.08,4.34,2011,CobbRa00,22,Green Bay Packers,2,64
Mark Dell,WR,72,193,4.54,,14,,,,2011,DellMa00,0,,,
Tandon Doss,WR,74,201,4.62,,14,,,,2011,DossTa00,4,Baltimore Ravens,4,123
Clyde Gates,WR,72,192,4.31,40,16,131,,,2011,GateCl00,3,Miami Dolphins,4,111
A.J. Green,WR,76,211,4.48,34.5,18,126,6.91,4.21,2011,GreeA.00,36,Cincinnati Bengals,1,4
Tori Gurley,WR,76,216,4.53,33.5,15,118,7.05,4.25,2011,GurlTo00,0,,,
Jamel Hamler,WR,73,193,4.59,32,4,112,7.16,4.18,2011,HamlJa00,0,,,
Leonard Hankerson,WR,73,209,4.4,36,14,117,6.94,4.21,2011,HankLe00,9,Washington Redskins,3,79
Dwayne Harris,WR,70,203,4.53,34,10,111,6.77,4.21,2011,HarrDw00,5,Dallas Cowboys,6,176
Andre Holmes,WR,76,210,4.51,35,11,130,6.69,4.31,2011,HolmAn00,7,,,
Lestar Jean,WR,75,215,4.61,37.5,14,113,7.45,4.43,2011,JeanLe01,1,,,
Jerrel Jernigan,WR,69,185,4.46,37.5,11,124,7.07,4.25,2011,JernJe00,2,New York Giants,3,83
Ronald Johnson,WR,71,199,4.46,,16,,,,2011,JohnRo05,0,San Francisco 49ers,6,182
Julio Jones,WR,75,220,4.34,38.5,17,135,6.66,4.25,2011,JoneJu02,28,Atlanta Falcons,1,6
Jeremy Kerley,WR,69,189,4.56,34.5,16,120,,,2011,KerlJe00,14,New York Jets,5,153
Greg Little,WR,74,231,4.51,40.5,27,129,6.8,4.21,2011,LittGr00,13,Cleveland Browns,2,59
Ricardo Lockette,WR,74,211,4.34,35.5,,127,7.15,4.19,2011,LockRi00,2,,,
Jeff Maehl,WR,73,190,4.56,33.5,,115,6.42,3.94,2011,MaehJe00,1,,,
Denarius Moore,WR,72,194,4.43,36,13,118,6.78,4.15,2011,MoorDe02,15,Oakland Raiders,5,148
Joseph Morgan,WR,72,189,4.38,35.5,10,123,6.91,4.25,2011,,0,,,
O.J. Murdock,WR,70,197,4.5,34.5,15,116,,4.37,2011,MurdO.00,0,,,
Jamar Newsome,WR,72,200,4.46,38.5,13,129,6.83,4.22,2011,NewsJa00,0,,,
Niles Paul,WR,73,224,4.45,34.5,24,117,6.9,4.14,2011,PaulNi00,2,Washington Redskins,5,155
Austin Pettis,WR,75,209,4.56,33.5,14,120,6.68,3.88,2011,PettAu00,7,St. Louis Rams,3,78
Kealoha Pilares,WR,70,199,4.42,,19,,,,2011,PilaKe00,1,Carolina Panthers,5,132
Aldrick Robinson,WR,70,184,4.35,40,17,126,6.65,4.09,2011,RobiAl00,5,Washington Redskins,6,178
Greg Salas,WR,73,210,4.53,37,15,120,6.65,4.1,2011,SalaGr00,2,St. Louis Rams,4,112
DeMarco Sampson,WR,74,204,4.41,,14,,,,2011,SampDe00,0,Arizona Cardinals,7,249
Jock Sanders,WR,66,181,4.5,34.5,19,121,6.78,4.13,2011,,0,,,
Dane Sanzenbacher,WR,71,182,4.56,33.5,,118,6.46,3.97,2011,SanzDa00,3,,,
Cecil Shorts,WR,72,205,4.5,34.5,21,114,6.5,4.07,2011,ShorCe00,12,Jacksonville Jaguars,4,114
Keith Smith,WR,74,214,4.65,,,,,,2011,SmitKe03,1,,,
Torrey Smith,WR,73,204,4.41,41,19,126,6.72,4.13,2011,SmitTo02,24,Baltimore Ravens,2,58
Owen Spencer,WR,74,195,4.51,37.5,6,125,6.86,4.18,2011,SpenOw00,0,,,
Terrence Toliver,WR,75,212,4.52,32,,122,6.48,4.03,2011,ToliTe00,0,,,
Terrance Turner,WR,74,220,4.53,41,16,128,6.77,4.15,2011,,0,,,
Ryan Whalen,WR,73,202,4.53,38.5,18,123,6.67,4.09,2011,WhalRy00,0,Cincinnati Bengals,6,167
Marshall Williams,WR,73,188,4.56,35.5,9,123,6.61,4.09,2011,,0,,,
Jimmy Young,WR,72,204,4.5,37,19,115,7.08,4.18,2011,,0,,,
Titus Young,WR,71,174,4.43,,,123,,,2011,YounTi00,8,Detroit Lions,2,44
Joe Adams,WR,71,179,4.51,36,,123,7.09,,2012,AdamJo01,0,Carolina Panthers,4,104
Tim Benford,WR,71,205,4.51,,15,,,,2012,BenfTi00,0,,,
Travis Benjamin,WR,70,172,4.31,38,14,119,,,2012,BenjTr00,7,Cleveland Browns,4,100
Justin Blackmon,WR,73,207,4.46,,14,,,,2012,BlacJu00,9,Jacksonville Jaguars,1,5
Jarrett Boykin,WR,74,217,4.62,36,11,123,7.12,4.28,2012,BoykJa00,6,,,
LaVon Brazill,WR,71,192,4.43,32.5,11,,,,2012,BrazLa00,3,Indianapolis Colts,6,206
Ryan Broyles,WR,70,192,4.57,,21,,,,2012,BroyRy00,3,Detroit Lions,2,54
Greg Childs,WR,75,219,4.52,36.5,19,125,,,2012,ChilGr00,0,Minnesota Vikings,4,134
Danny Coale,WR,72,201,4.42,35,12,115,6.69,4.15,2012,CoalDa00,0,Dallas Cowboys,5,152
Josh Cooper,WR,71,190,4.65,,11,,,,2012,CoopJo00,1,,,
Juron Criner,WR,74,224,4.66,38,17,117,7.15,4.3,2012,CrinJu00,1,Oakland Raiders,5,168
B.J. Cunningham,WR,73,211,4.52,31.5,12,116,7.1,,2012,CunnB.00,0,Miami Dolphins,6,183
Patrick Edwards,WR,69,172,4.57,,,,,,2012,EdwaPa00,0,,,
Michael Floyd,WR,75,220,4.4,36.5,16,122,,,2012,FloyMi00,17,Arizona Cardinals,1,13
Jeff Fuller,WR,76,223,4.53,,17,,,,2012,FullJe00,0,,,
Chris Givens,WR,71,198,4.35,33.5,19,118,6.97,4.23,2012,GiveCh00,11,St. Louis Rams,4,96
T.J. Graham,WR,71,188,4.34,33.5,8,120,6.77,4.18,2012,GrahT.00,7,Buffalo Bills,3,69
Darius Hanks,WR,72,184,4.52,34,11,117,,,2012,HankDa00,0,,,
Junior Hemingway,WR,73,225,4.48,35.5,21,124,6.59,3.98,2012,HemiJu00,2,Kansas City Chiefs,7,238
Stephen Hill,WR,76,215,4.36,39.5,14,133,6.88,4.48,2012,HillSt00,4,New York Jets,2,43
T.Y. Hilton,WR,69,183,4.34,,,,,,2012,HiltT.00,30,Indianapolis Colts,3,92
Jerrell Jackson,WR,72,196,4.5,41,22,127,6.82,4.11,2012,JackJe00,0,,,
Alshon Jeffery,WR,75,216,4.48,,,,,,2012,JeffAl00,26,Chicago Bears,2,45
A.J. Jenkins,WR,72,190,4.37,38.5,12,124,,,2012,JenkA.00,2,San Francisco 49ers,1,30
Marvin Jones,WR,74,199,4.46,33,22,112,6.81,4.11,2012,JoneMa02,9,Cincinnati Bengals,5,166
Dwight Jones,WR,75,230,4.51,33,14,109,,,2012,JoneDw00,0,,,
Jermaine Kearse,WR,73,209,4.5,34,14,119,7.03,4.12,2012,KearJe01,10,,,
Keshawn Martin,WR,71,188,4.42,39.5,13,122,6.85,4.13,2012,MartKe01,4,Houston Texans,4,121
Rishard Matthews,WR,72,217,4.54,36,20,,6.88,4.19,2012,MattRi00,5,Miami Dolphins,7,227
Marquis Maze,WR,68,186,4.51,33.5,,112,,,2012,,0,,,
Marvin McNutt,WR,75,216,4.48,37,,122,7.15,4.07,2012,McNuMa00,0,Philadelphia Eagles,6,194
Kashif Moore,WR,69,180,4.36,43.5,19,126,6.82,4.05,2012,MoorKa00,0,,,
Derek Moye,WR,76,209,4.46,33.5,10,115,,4.23,2012,MoyeDe00,0,,,
Chris Owusu,WR,72,196,4.36,40.5,19,129,6.85,4.11,2012,OwusCh00,2,,,
Eric Page,WR,69,186,4.5,30,15,112,6.95,3.98,2012,PageEr00,1,,,
DeVier Posey,WR,74,211,4.39,36.5,14,123,7.03,4.15,2012,PoseDe00,2,Houston Texans,3,68
Brian Quick,WR,75,220,4.5,34,15,119,7.1,4.23,2012,QuicBr00,7,St. Louis Rams,2,33
Rueben Randle,WR,75,210,4.55,31,15,121,6.99,4.36,2012,RandRu00,15,New York Giants,2,63
Gerell Robinson,WR,75,227,4.54,35.5,,113,,4.15,2012,,0,,,
James Rodgers,WR,67,184,4.61,37,19,115,,4.23,2012,RodgJa01,0,,,
Mohamed Sanu,WR,73,211,4.62,36,19,126,6.88,4.22,2012,SanuMo00,14,Cincinnati Bengals,3,83
Tommy Streeter,WR,77,219,4.37,33,17,125,7.08,,2012,StreTo00,0,Baltimore Ravens,6,198
Nick Toon,WR,74,215,4.49,37.5,18,,,,2012,ToonNi00,3,New Orleans Saints,4,122
Jordan White,WR,72,208,4.63,35,14,119,6.84,4.13,2012,WhitJo02,0,New York Jets,7,244
Jarius Wright,WR,70,182,4.39,38,11,120,6.93,4.03,2012,WrigJa02,12,Minnesota Vikings,4,118
Kendall Wright,WR,70,196,4.49,38.5,,121,6.93,4.18,2012,WrigKe01,19,Tennessee Titans,1,20
Devon Wylie,WR,69,187,4.36,39,17,123,,,2012,WyliDe00,0,Kansas City Chiefs,4,107
Keenan Allen,WR,74,206,4.58,,,,,,2013,AlleKe00,21,San Diego Chargers,3,76
Tavon Austin,WR,68,174,4.34,32,14,120,,4.01,2013,AustTa00,17,St. Louis Rams,1,8
Stedman Bailey,WR,70,193,4.52,34.5,11,117,6.81,4.09,2013,BailSt01,7,St. Louis Rams,3,92
Alan Bonner,WR,70,193,4.59,33,14,117,,4.15,2013,BonnAl00,0,Houston Texans,6,195
Josh Boyce,WR,71,206,4.38,34,22,131,6.68,4.1,2013,BoycJo00,1,New England Patriots,4,102
Marlon Brown,WR,76,213,4.63,,,,,,2013,BrowMa00,7,,,
Marcus Davis,WR,75,233,4.56,39.5,19,120,7.15,,2013,DaviMa00,0,,,
Aaron Dobson,WR,75,210,4.37,,,,,,2013,DobsAa00,6,New England Patriots,2,59
Corey Fuller,WR,74,204,4.43,31.5,12,120,,,2013,FullCo00,3,Detroit Lions,6,171
Tyrone Goard,WR,76,205,4.5,36,10,123,6.9,4.39,2013,,0,,,
Marquise Goodwin,WR,69,183,4.27,,13,132,,,2013,GoodMa00,2,Buffalo Bills,3,78
Cobi Hamilton,WR,74,212,4.56,29.5,11,107,,4.31,2013,HamiCo00,2,Cincinnati Bengals,6,197
Chris Harper,WR,73,229,4.55,35.5,20,116,6.89,4.39,2013,HarpCh00,0,Seattle Seahawks,4,123
Mark Harrison,WR,75,231,4.46,38.5,17,129,6.99,4.33,2013,HarrMa04,0,,,
DeAndre Hopkins,WR,73,214,4.57,36,15,115,,4.5,2013,HopkDe00,26,Houston Texans,1,27
Justin Hunter,WR,76,196,4.44,39.5,,136,,4.33,2013,HuntJu00,8,Tennessee Titans,2,34
Darius Johnson,WR,69,179,4.6,32,6,109,,4.53,2013,JohnDa06,2,,,
Brandon Kaufman,WR,77,216,4.67,33.5,9,115,7.11,4.44,2013,KaufBr00,0,,,
Tavarres King,WR,72,189,4.47,36.5,11,123,6.91,4.33,2013,KingTa00,2,Denver Broncos,5,161
Alec Lemon,WR,73,202,4.59,32,7,112,7.04,4.29,2013,LemoAl00,0,,,
Aaron Mellette,WR,74,217,4.54,33.5,9,123,7.11,4.41,2013,MellAa00,0,Baltimore Ravens,7,238
T.J. Moe,WR,71,204,4.74,36,26,120,6.53,3.96,2013,MoexT.00,0,,,
Cordarrelle Patterson,WR,74,216,4.42,37,,128,,,2013,PattCo00,14,Minnesota Vikings,1,29
Quinton Patton,WR,72,204,4.53,33,8,118,6.91,4.01,2013,PattQu00,4,San Francisco 49ers,4,128
Denard Robinson,WR,70,199,4.43,36.5,,123,7.09,4.22,2013,RobiDe00,7,Jacksonville Jaguars,5,135
Da'Rick Rogers,WR,74,217,4.5,39.5,10,132,6.71,4.06,2013,RogeDa01,2,,,
Lanear Sampson,WR,71,204,4.46,33.5,20,119,7.1,4.38,2013,SampLa00,0,,,
Ace Sanders,WR,67,173,4.58,32,7,117,6.81,4.37,2013,SandAc00,3,Jacksonville Jaguars,4,101
Rodney Smith,WR,76,225,4.51,34.5,,120,7.03,4.07,2013,SmitRo05,0,,,
Ryan Spadola,WR,73,204,4.48,33.5,15,119,6.72,4.07,2013,SpadRy00,0,,,
Kenny Stills,WR,72,194,4.38,33.5,16,124,,4.35,2013,StilKe00,17,New Orleans Saints,5,144
Ryan Swope,WR,72,205,4.34,37,16,125,6.76,4.25,2013,SwopRy00,0,Arizona Cardinals,6,174
Kenbrell Thompkins,WR,73,193,4.54,33.5,8,121,6.88,4.21,2013,ThomKe02,7,,,
Conner Vernon,WR,72,196,4.68,32.5,,125,6.93,4.22,2013,VernCo01,0,,,
Markus Wheaton,WR,71,189,4.45,37,20,120,6.8,4.02,2013,WheaMa00,13,Pittsburgh Steelers,3,79
Terrance Williams,WR,74,208,4.52,32.5,11,119,7.01,4.32,2013,WillTe01,19,Dallas Cowboys,3,74
Marquess Wilson,WR,75,194,4.51,34.5,7,122,6.65,4.33,2013,WilsMa02,5,Chicago Bears,7,236
Robert Woods,WR,72,201,4.51,33.5,14,117,7.15,4.47,2013,WoodRo02,14,Buffalo Bills,2,41
Jared Abbrederis,WR,73,195,4.5,30.5,4,117,6.8,4.08,2014,AbbrJa00,1,Green Bay Packers,5,176
Davante Adams,WR,73,212,4.56,39.5,14,123,6.82,4.3,2014,AdamDa01,19,Green Bay Packers,2,53
Dri Archer,WR,68,173,4.26,38,20,122,6.86,4.06,2014,ArchDr00,0,Pittsburgh Steelers,3,97
Kelvin Benjamin,WR,77,240,4.61,32.5,13,119,7.33,4.39,2014,BenjKe00,21,Carolina Panthers,1,28
Chris Boyd,WR,76,206,4.73,,12,,,,2014,BoydCh00,0,,,
John Brown,WR,70,179,4.34,36.5,,119,6.91,4.12,2014,BrowJo02,19,Arizona Cardinals,3,91
Corey Brown,WR,71,178,4.51,33,,116,7.16,4.22,2014,BrowPh00,11,,,
Martavis Bryant,WR,76,211,4.42,39,16,124,7.18,4.15,2014,BryaMa00,18,Pittsburgh Steelers,4,118
Isaiah Burse,WR,70,188,4.58,31,16,115,6.74,3.94,2014,BursIs01,0,,,
Trey Burton,WR,74,224,4.62,30,,112,7.14,4.32,2014,BurtTr01,3,,,
Michael Campanaro,WR,69,192,4.46,39,20,122,6.77,4.01,2014,CampMi02,1,Baltimore Ravens,7,218
Brandon Coleman,WR,78,225,4.56,32.5,21,,7.33,4.51,2014,ColeBr00,6,,,
Kain Colter,WR,70,198,4.71,,,,,,2014,ColtKa00,0,,,
Brandin Cooks,WR,70,189,4.33,36,16,120,6.76,3.81,2014,CookBr00,25,New Orleans Saints,1,20
Damian Copeland,WR,71,184,4.5,40,12,120,6.53,3.9,2014,CopeDa00,0,,,
Mike Davis,WR,72,197,4.52,,10,,,,2014,DaviMi00,0,,,
Bruce Ellington,WR,69,197,4.45,39.5,15,120,6.69,3.95,2014,ElliBr00,5,San Francisco 49ers,4,106
Quincy Enunwa,WR,74,225,4.41,,19,,,,2014,EnunQu00,9,New York Jets,6,209
Shaquelle Evans,WR,73,213,4.51,34.5,13,122,7.07,4.21,2014,EvanSh00,0,New York Jets,4,115
Mike Evans,WR,77,231,4.53,37,12,,7.08,4.26,2014,EvanMi00,27,Tampa Bay Buccaneers,1,7
Bennie Fowler,WR,73,217,4.52,36,,126,7.06,4.18,2014,FowlBe00,2,,,
Austin Franklin,WR,71,189,4.56,36,7,124,7.07,4.33,2014,FranAu00,0,,,
Jeremy Gallon,WR,67,185,4.49,,15,,,,2014,GallJe00,0,New England Patriots,7,244
Ryan Grant,WR,72,199,4.64,35.5,8,119,6.68,4.11,2014,GranRy01,3,Washington Redskins,5,142
Matt Hazel,WR,73,198,4.5,36.5,15,118,7.08,4.2,2014,HazeMa01,0,Miami Dolphins,6,190
Robert Herron,WR,69,193,4.48,35.5,18,125,6.84,4.27,2014,HerrRo00,0,Tampa Bay Buccaneers,6,185
Cody Hoffman,WR,76,223,4.65,27.5,13,108,6.89,4.2,2014,HoffCo00,0,,,
Josh Huff,WR,71,206,4.51,35.5,14,116,,,2014,HuffJo00,6,Philadelphia Eagles,3,86
Allen Hurns,WR,73,198,4.55,31,14,120,7.23,4.5,2014,HurnAl01,15,,,
Jeff Janis,WR,75,219,4.42,37.5,20,123,6.64,3.98,2014,JaniJe00,2,Green Bay Packers,7,236
T.J. Jones,WR,72,188,4.46,33,,119,6.82,4.27,2014,JoneTJ00,0,,,
Odell Beckham Jr.,WR,71,198,4.38,38.5,7,122,6.69,3.94,2014,BeckOd00,34,New York Giants,1,12
Jarvis Landry,WR,71,205,4.65,28.5,12,110,,,2014,LandJa00,26,Miami Dolphins,2,63
Cody Latimer,WR,74,215,4.52,,23,,,,2014,LatiCo00,1,Denver Broncos,2,56
Marqise Lee,WR,72,192,4.52,38,,127,,4.01,2014,LeexMa00,12,Jacksonville Jaguars,2,39
Marcus Lucas,WR,76,218,4.6,36,20,124,7.07,4.25,2014,LucaMa01,0,,,
Jordan Matthews,WR,75,212,4.46,35.5,21,120,6.95,4.18,2014,MattJo00,20,Philadelphia Eagles,2,42
Donte Moncrief,WR,74,221,4.4,39.5,13,132,7.02,4.3,2014,MoncDo00,13,Indianapolis Colts,3,90
Kevin Norwood,WR,74,198,4.48,33,8,121,6.68,4.32,2014,NorwKe00,1,Seattle Seahawks,4,123
Tevin Reese,WR,70,163,4.46,41,,132,6.63,4.18,2014,ReesTe00,0,San Diego Chargers,7,240
Paul Richardson,WR,72,175,4.4,38,,124,7.09,,2014,RichPa01,5,Seattle Seahawks,2,45
Allen Robinson,WR,75,220,4.6,39,,127,7,4,2014,RobiAl02,20,Jacksonville Jaguars,2,61
Jalen Saunders,WR,69,165,4.44,34,,122,,,2014,SaunJa00,0,New York Jets,4,104
Willie Snead,WR,71,195,4.62,33.5,11,113,7.19,4.39,2014,SneaWi00,16,,,
Josh Stewart,WR,70,178,4.69,35,11,117,7.1,4.33,2014,StewJo04,0,,,
Devin Street,WR,75,198,4.55,37,,124,6.89,4.01,2014,StreDe00,1,Dallas Cowboys,5,146
L'Damian Washington,WR,76,195,4.46,32,8,115,7.19,4.35,2014,WashLD01,0,,,
Sammy Watkins,WR,73,211,4.43,34,16,126,6.95,4.34,2014,WatkSa00,21,Buffalo Bills,1,4
Albert Wilson,WR,69,202,4.43,37.5,10,123,7,4.21,2014,WilsAl02,11,,,
Nelson Agholor,WR,72,198,4.42,,12,,,,2015,AghoNe00,13,Philadelphia Eagles,1,20
Mario Alford,WR,68,180,4.43,34,13,121,6.64,4.07,2015,AlfoMa00,0,Cincinnati Bengals,7,238
Dres Anderson,WR,73,187,4.54,,13,,,,2015,AndeDr00,0,,,
Kenny Bell,WR,73,197,4.42,41.5,7,129,6.66,4.15,2015,BellKe02,0,Tampa Bay Buccaneers,5,162
Da'Ron Brown,WR,72,205,4.54,37,17,120,7.04,4.11,2015,BrowDa03,0,Kansas City Chiefs,7,233
Kaelin Clay,WR,70,195,4.51,33,10,113,6.97,4.26,2015,ClayKa00,3,Tampa Bay Buccaneers,6,184
Sammie Coates,WR,73,212,4.43,41,23,131,6.98,4.06,2015,CoatSa00,4,Pittsburgh Steelers,3,87
Chris Conley,WR,74,213,4.35,45,18,139,7.06,4.3,2015,ConlCh00,9,Kansas City Chiefs,3,76
Amari Cooper,WR,73,211,4.42,33,,120,6.71,3.98,2015,CoopAm00,25,Oakland Raiders,1,4
Jamison Crowder,WR,68,185,4.56,37,10,115,7.17,4.32,2015,CrowJa00,19,Washington Redskins,4,105
DaVaris Daniels,WR,73,201,4.62,37,13,122,,,2015,,0,,,
Titus Davis,WR,73,196,4.51,32.5,,119,7.14,4.28,2015,DaviTi00,0,,,
Geremy Davis,WR,74,216,4.49,36.5,23,124,6.86,4.18,2015,DaviGe00,0,New York Giants,6,186
Devante Davis,WR,75,220,4.57,35.5,16,115,7.25,4.12,2015,,0,,,
Stefon Diggs,WR,72,195,4.46,35,,115,7.03,4.32,2015,DiggSt00,24,Minnesota Vikings,5,146
Phillip Dorsett,WR,70,185,4.33,37,13,122,6.7,4.11,2015,DorsPh00,9,Indianapolis Colts,1,29
Devin Funchess,WR,76,232,4.7,38.5,17,122,,,2015,FuncDe00,16,Carolina Panthers,2,41
Antwan Goodley,WR,70,209,4.44,,,,,,2015,GoodAn01,0,,,
Dorial Green-Beckham,WR,77,237,4.49,33.5,13,119,6.89,4.45,2015,GreeDo00,7,Tennessee Titans,2,40
Rashad Greene,WR,71,182,4.53,36.5,,122,6.88,4.12,2015,GreeRa00,2,Jacksonville Jaguars,5,139
Rannell Hall,WR,72,198,4.6,41,16,132,6.86,4.15,2015,HallRa02,0,,,
Justin Hardy,WR,70,192,4.56,36.5,11,114,6.63,4.21,2015,HardJu00,6,Atlanta Falcons,4,107
Josh Harper,WR,73,191,4.64,32,13,108,7.15,4.36,2015,HarpJo00,0,,,
Chris Jones,WR,70,182,4.63,32.5,8,119,6.91,4.19,2015,,0,,,
Dez Lewis,WR,76,214,4.58,33.5,16,119,7.11,4.28,2015,,0,,,
Tony Lippett,WR,74,192,4.61,36,10,114,6.92,4.13,2015,LippTo00,6,Miami Dolphins,5,156
Tyler Lockett,WR,70,182,4.4,35.5,,121,6.89,4.07,2015,LockTy00,21,Seattle Seahawks,3,69
Deon Long,WR,72,192,4.51,34,12,120,6.98,4.27,2015,LongDe00,0,,,
Donatella Luckett,WR,72,211,4.4,34,17,118,7.51,4.5,2015,,0,,,
Vince Mayle,WR,74,224,4.67,35.5,,117,6.93,4.13,2015,MaylVi00,0,Cleveland Browns,4,123
Tre McBride,WR,72,210,4.41,38,16,122,6.96,4.08,2015,McBrTr00,1,Tennessee Titans,7,245
Ty Montgomery,WR,72,221,4.55,40.5,,121,6.97,4.21,2015,MontTy01,12,Green Bay Packers,3,94
Keith Mumphery,WR,72,215,4.54,32.5,,121,7.07,4.25,2015,MumpKe00,2,Houston Texans,5,175
J.J. Nelson,WR,70,156,4.28,36,,127,7.02,4.15,2015,NelsJJ00,12,Arizona Cardinals,5,159
DeVante Parker,WR,75,209,4.45,36.5,17,125,,,2015,ParkDe01,14,Miami Dolphins,1,14
Breshad Perriman,WR,74,212,4.52,,,,,,2015,PerrBr02,4,Baltimore Ravens,1,26
Ezell Ruffin,WR,72,218,4.68,27.5,17,110,7.35,4.58,2015,RuffEz00,0,,,
Ross Scheuerman,WR,72,204,4.62,33,15,121,7.08,4.11,2015,,0,,,
DeAndre Smelter,WR,74,226,4.52,,,,,,2015,SmelDe00,0,San Francisco 49ers,4,132
Devin Smith,WR,72,196,4.42,39,10,122,,4.15,2015,SmitDe04,1,New York Jets,2,37
Jaelen Strong,WR,74,217,4.44,42,,123,,,2015,StroJa01,2,Houston Texans,3,70
Darren Waller,WR,78,238,4.46,37,12,125,7.07,4.25,2015,WallDa01,1,Baltimore Ravens,6,204
DeAndrew White,WR,71,193,4.44,34.5,,118,6.97,4.18,2015,WhitDe01,0,,,
Kevin White,WR,75,215,4.35,36.5,23,123,6.92,4.14,2015,WhitKe00,1,Chicago Bears,1,7
Cam Worthy,WR,74,211,4.59,,12,,,,2015,WortCa00,0,,,
Bralon Addison,WR,69,197,4.66,34.5,13,116,6.95,4.14,2016,AddiBr01,0,,,
Geronimo Allison,WR,75,196,4.67,33,,127,7.4,4.28,2016,AlliGe01,4,,,
Demarcus Ayers,WR,69,182,4.72,33,,123,,,2016,AyerDe00,0,Pittsburgh Steelers,7,229
Tyler Boyd,WR,73,197,4.58,34,11,119,6.9,4.35,2016,BoydTy00,7,Cincinnati Bengals,2,55
Chris Brown,WR,74,194,4.48,,,,,,2016,BrowCh07,0,,,
Aaron Burbridge,WR,72,206,4.56,30.5,20,115,7.22,4.31,2016,BurbAa00,1,San Francisco 49ers,6,213
Devon Cajuste,WR,76,234,4.62,36,12,123,6.49,4.2,2016,CajuDe00,0,,,
Leonte Carroo,WR,72,211,4.5,35.5,14,120,,,2016,CarrLe00,1,Miami Dolphins,3,86
Corey Coleman,WR,71,194,4.42,40.5,17,129,,,2016,ColeCo00,5,Cleveland Browns,1,15
Pharoh Cooper,WR,71,203,4.52,31,15,115,,,2016,CoopPh00,3,Los Angeles Rams,4,117
Cody Core,WR,75,205,4.47,31.5,14,119,,,2016,CoreCo00,2,Cincinnati Bengals,6,199
Trevor Davis,WR,73,188,4.42,38.5,11,124,6.6,4.22,2016,DaviTr03,1,Green Bay Packers,5,163
Josh Doctson,WR,74,202,4.5,41,14,131,6.84,4.08,2016,DoctJo00,5,Washington Redskins,1,22
D.J. Foster,WR,70,193,4.57,35.5,14,117,6.75,4.07,2016,FostD.01,1,,,
Will Fuller,WR,72,186,4.32,33.5,10,126,6.93,4.27,2016,FullWi01,9,Houston Texans,1,21
Keyarris Garrett,WR,75,220,4.53,36.5,14,128,7.3,4.33,2016,GarrKe01,0,,,
Rashard Higgins,WR,73,196,4.64,32,13,116,,,2016,HiggRa00,2,Cleveland Browns,5,172
Johnny Holton,WR,73,190,4.54,31.5,8,123,,,2016,,0,,,
Cayleb Jones,WR,75,209,4.65,33.5,9,,6.99,4.14,2016,JoneCa02,0,,,
Kenny Lawler,WR,74,203,4.64,31,,111,7.13,4.2,2016,LawlKe00,0,Seattle Seahawks,7,243
Roger Lewis,WR,72,201,4.57,33.5,8,116,,,2016,,0,,,
Kolby Listenbee,WR,72,197,4.39,35.5,15,129,,,2016,ListKo00,0,Buffalo Bills,6,192
Ricardo Louis,WR,74,215,4.43,38,18,132,,,2016,LouiRi00,3,Cleveland Browns,4,114
Byron Marshall,WR,69,201,4.42,,17,,,,2016,MarsBy01,0,,,
Jalin Marshall,WR,70,200,4.6,37.5,16,125,6.8,4.13,2016,MarsJa01,1,,,
Mekale McKay,WR,76,207,4.55,35,12,123,7.08,4.63,2016,McKaMe00,0,,,
Braxton Miller,WR,73,201,4.5,35,17,123,6.65,4.07,2016,MillBr03,2,Houston Texans,3,85
Malcolm Mitchell,WR,72,198,4.45,36,15,129,6.94,4.34,2016,MitcMa01,4,New England Patriots,4,112
Chris Moore,WR,73,206,4.53,37,10,130,6.76,4.2,2016,MoorCh00,2,Baltimore Ravens,4,107
Marquez North,WR,74,223,4.48,35,17,123,6.9,4.13,2016,,0,,,
Jordan Payton,WR,73,207,4.47,34.5,,121,7.08,4.33,2016,PaytJo00,0,Cleveland Browns,5,154
Charone Peake,WR,74,209,4.45,35.5,12,122,6.96,4.46,2016,PeakCh00,1,New York Jets,7,241
Demarcus Robinson,WR,73,203,4.59,34.5,,123,6.77,4.19,2016,RobiDe01,2,Kansas City Chiefs,4,126
Alonzo Russell,WR,76,206,4.54,29.5,12,112,7.18,4.33,2016,RussAl01,0,,,
Rashawn Scott,WR,73,199,4.54,32.5,17,116,,,2016,ScotRa01,0,,,
Hunter Sharp,WR,71,198,4.58,32.5,12,116,7.12,4.19,2016,SharHu01,0,,,
Tajae Sharpe,WR,74,194,4.55,33.5,11,114,,,2016,SharTa00,5,Tennessee Titans,5,140
Sterling Shepard,WR,70,194,4.48,41,20,123,7,4.35,2016,ShepSt00,10,New York Giants,2,40
Nelson Spruce,WR,73,206,4.69,35,12,114,7.09,4.2,2016,SpruNe01,0,,,
Michael Thomas,WR,75,212,4.57,35,18,126,6.8,4.13,2016,ThomMi05,23,New Orleans Saints,2,47
Laquon Treadwell,WR,74,221,4.52,33,12,117,,,2016,TreaLa00,2,Minnesota Vikings,1,23
Duke Williams,WR,74,229,4.72,30,14,121,7.43,4.47,2016,WillDh00,0,,,
De'Runnya Wilson,WR,77,224,4.85,28,,113,,,2016,WilsDe00,0,,,
Rodney Adams,WR,73,189,4.44,29.5,8,125,6.98,4.28,2017,AdamRo01,0,Minnesota Vikings,5,170
Quincy Adeboyejo,WR,75,197,4.42,34.5,8,123,6.73,4.14,2017,AdebQu00,0,,,
Kendrick Bourne,WR,73,203,4.68,34,9,125,6.73,4.21,2017,,0,,,
Noah Brown,WR,74,222,4.56,,19,,7.07,4.33,2017,BrowNo00,0,Dallas Cowboys,7,239
K.D. Cannon,WR,71,182,4.41,37,13,119,,,2017,,0,,,
Jehu Chesson,WR,75,204,4.47,35.5,10,132,6.7,4.09,2017,ChesJe00,0,Kansas City Chiefs,4,139
Stacy Coley,WR,73,195,4.45,34,10,122,,,2017,ColeSt00,0,Minnesota Vikings,7,219
Amara Darboh,WR,74,214,4.45,36,17,124,,,2017,DarbAm00,1,Seattle Seahawks,3,106
Robert Davis,WR,75,219,4.44,41,19,136,6.82,4.28,2017,DaviRo00,0,Washington Redskins,6,209
Corey Davis,WR,75,209,4.48,,,,,,2017,DaviCo03,3,Tennessee Titans,1,5
Malachi Dupre,WR,74,196,4.52,39.5,11,135,7.19,4.26,2017,DuprMa01,0,Green Bay Packers,7,247
Travin Dural,WR,73,202,4.57,30.5,,116,7.29,4.55,2017,DuraTr00,0,,,
Amba Etta-Tawo,WR,73,208,4.49,31,14,126,6.95,4.32,2017,EttaAm00,0,,,
Isaiah Ford,WR,73,194,4.61,35.5,14,127,6.94,4.34,2017,FordIs00,0,Miami Dolphins,7,237
Shelton Gibson,WR,71,191,4.5,32,8,118,6.83,4.2,2017,GibsSh00,0,Philadelphia Eagles,5,166
Chris Godwin,WR,73,209,4.42,36,19,126,7.01,4,2017,GodwCh00,4,Tampa Bay Buccaneers,3,84
Kenny Golladay,WR,76,218,4.5,35.5,18,120,7,4.15,2017,GollKe00,4,Detroit Lions,3,96
Chad Hansen,WR,74,202,4.53,35,11,119,6.74,4.13,2017,HansCh00,1,New York Jets,4,141
Keon Hatcher,WR,73,212,4.64,,16,,,,2017,HatcKe00,0,,,
Carlos Henderson,WR,71,199,4.46,36,13,131,7.18,4.35,2017,HendCa01,0,Denver Broncos,3,82
Mack Hollins,WR,76,221,4.53,,,,,,2017,HollMa00,2,Philadelphia Eagles,4,118
Bug Howard,WR,76,221,4.58,37.5,,119,6.95,4.14,2017,HowaBu00,0,,,
Zay Jones,WR,74,201,4.45,36.5,15,133,6.79,4.01,2017,,0,,,
Greg Ward Jr.,WR,71,186,4.59,,10,,,,2017,WardGr00,0,,,
Victor Bolden Jr.,WR,68,178,4.54,32,9,117,6.83,4.22,2017,,0,,,
Cooper Kupp,WR,74,204,4.62,31,,116,6.75,4.08,2017,,0,,,
Jerome Lane,WR,74,226,4.6,35,16,125,6.87,4.12,2017,LaneJe01,0,,,
Keevan Lucas,WR,69,192,4.55,32.5,11,119,7.23,4.43,2017,LucaKe00,0,,,
Josh Malone,WR,75,208,4.4,30.5,10,121,7.05,4.19,2017,MaloJo00,1,Cincinnati Bengals,4,128
Gabe Marks,WR,71,189,4.56,29.5,11,117,7.01,4.2,2017,MarkGa00,0,,,
Isaiah McKenzie,WR,67,173,4.42,36,11,123,6.64,4.15,2017,McKeIs00,0,Denver Broncos,5,172
Drew Morgan,WR,72,190,4.74,30,10,112,6.85,4.12,2017,MorgDr00,0,,,
Speedy Noil,WR,71,199,4.45,43.5,18,133,,,2017,NoilSp00,0,,,
Zach Pascal,WR,74,219,4.55,36,14,126,7.11,4.29,2017,PascZa00,0,,,
James Quick,WR,72,186,4.6,31,11,115,7,4.39,2017,QuicJa00,0,,,
Michael Rector,WR,72,193,4.42,36.5,,129,6.77,4.19,2017,RectMi00,0,,,
Josh Reynolds,WR,75,194,4.52,37,,124,6.83,4.13,2017,ReynJo00,1,Los Angeles Rams,4,117
Jalen Robinette,WR,75,220,4.62,31.5,13,120,6.77,4.46,2017,RobiJa02,0,,,
Darreus Rogers,WR,73,216,4.82,26.5,8,112,7.22,4.54,2017,RogeDa02,0,,,
John Ross,WR,71,188,4.22,37,,133,,,2017,RossJo00,0,Cincinnati Bengals,1,9
Fred Ross,WR,73,213,4.51,35,10,113,6.99,4.28,2017,RossFr00,0,,,
Travis Rudolph,WR,72,189,4.65,31.5,12,114,6.93,4.46,2017,RudoTr00,1,,,
Curtis Samuel,WR,71,196,4.31,37,18,119,7.09,4.33,2017,SamuCu00,2,Carolina Panthers,2,40
Artavis Scott,WR,70,193,4.61,31,13,116,7.19,4.49,2017,ScotAr00,0,,,
Ricky Seals-Jones,WR,77,243,4.69,28,17,121,7.46,4.33,2017,SealRi00,1,,,
JuJu Smith-Schuster,WR,73,215,4.54,32.5,15,120,,,2017,SmitJu00,10,Pittsburgh Steelers,2,62
Jamari Staples,WR,75,195,4.51,36,,130,,,2017,StapJa00,0,,,
ArDarius Stewart,WR,71,204,4.49,34,,124,,,2017,StewAr00,1,New York Jets,3,79
Ryan Switzer,WR,68,181,4.51,32,11,116,6.77,4,2017,SwitRy00,1,Dallas Cowboys,4,133
Trent Taylor,WR,68,181,4.63,33,13,117,6.74,4.01,2017,TaylTr02,3,San Francisco 49ers,5,177
Taywan Taylor,WR,71,203,4.5,33.5,13,132,6.57,4.21,2017,TaylTa00,2,Tennessee Titans,3,72
Noel Thomas,WR,72,205,4.63,32.5,9,118,,,2017,ThomNo00,0,,,
Dede Westbrook,WR,72,178,4.39,,,,,,2017,WestDe00,3,Jacksonville Jaguars,4,110
Kermit Whitfield,WR,68,185,4.44,32.5,8,120,7.17,4.37,2017,WhitKe02,0,,,
Mike Williams,WR,76,218,4.52,32.5,15,121,,,2017,WillMi07,1,Los Angeles Chargers,1,7
Jesus Wilson,WR,69,189,4.57,,10,119,,4.57,2017,WilsJe00,0,,,
Dante Pettis ,WR,72,186,4.32,,,,,,2018,PettDa00,0,,,
Marcell Ateman,WR,76,216,4.62,34,13,121,7.07,4.25,2018,AtemMa00,0,,,
Braxton Berrios,WR,69,184,4.44,,11,,,,2018,BerrBr00,0,,,
Equanimeous St. brown,WR,77,214,4.48,,20,,,,2018,St.BEq00,0,,,
Deontay Burnett,WR,72,186,4.7,,,,,,2018,BurnDe00,0,,,
Deon Cain,WR,74,202,4.43,33.5,11,115,6.71,4.37,2018,CainDe00,0,,,
Antonio Callaway,WR,71,200,4.41,34,,121,,,2018,CallAn00,0,,,
Dylan Cantrell,WR,75,226,4.59,38.5,18,130,6.56,4.03,2018,CantDy00,0,,,
D.J. Chark,WR,75,199,4.34,40,16,129,,,2018,,0,,,
Simmie Cobbs,WR,75,220,4.64,30,11,113,6.7,4.32,2018,CobbSi00,0,,,
Keke Coutee,WR,70,181,4.43,34.5,14,113,6.93,4.15,2018,CoutKe00,0,,,
Robert Foster,WR,74,196,4.41,31,,116,6.9,4.2,2018,,0,,,
Michael Gallup,WR,73,205,4.51,36,10,122,6.95,4.37,2018,GallMi00,0,,,
Davon Grayson,WR,73,199,4.51,34.5,19,124,,,2018,,0,,,
Daesean Hamilton,WR,73,203,4.52,34.5,,118,6.84,4.15,2018,HamiDa01,0,,,
Quadree Henderson,WR,68,192,4.5,32.5,12,120,6.89,4.28,2018,HendQu00,0,,,
Darren Carrington II,WR,74,199,4.78,36,,120,,,2018,,0,,,
Richie James,WR,70,183,4.48,35.5,6,122,6.87,4.16,2018,,0,,,
Christian Kirk,WR,70,201,4.47,35.5,20,115,7.09,4.45,2018,KirkCh01,0,,,
Chris Lacy,WR,75,205,4.51,33.5,11,120,,,2018,,0,,,
Jordan Lasley,WR,73,203,4.5,34.5,8,112,,4.19,2018,LaslJo00,0,,,
Allen Lazard,WR,77,227,4.55,38,17,122,,,2018,LazaAl00,0,,,
Tavares Martin,WR,73,177,4.8,31.5,,,,,2018,,0,,,
Ray-ray McCloud,WR,69,190,4.53,34.5,13,113,,,2018,,0,,,
Anthony Miller,WR,71,201,4.5,,22,,,,2018,MillAn02,0,,,
Steven Mitchell,WR,70,189,4.56,32.5,13,121,6.75,4.4,2018,,0,,,
D.J. Moore,WR,72,210,4.42,39.5,15,132,6.95,4.07,2018,MoorD.00,0,,,
Jmon Moore,WR,75,207,4.6,38,21,120,6.56,4.04,2018,,0,,,
Cam Phillips,WR,72,201,4.79,,,,,,2018,PhilCa01,0,,,
Byron Pringle,WR,73,203,4.46,33.5,15,120,6.87,4.4,2018,PrinBy00,0,,,
Trey Quinn,WR,71,203,4.55,33.5,17,116,6.91,4.19,2018,QuinTr00,0,,,
Calvin Ridley,WR,72,189,4.43,31,15,110,6.88,4.41,2018,RidlCa00,0,,,
Korey Robertson,WR,73,212,4.56,34,13,123,,,2018,RobeKo00,0,,,
Jaleel Scott,WR,77,218,4.56,34.5,16,124,7.2,4.4,2018,,0,,,
Trequan Smith,WR,74,203,4.49,37.5,12,130,6.97,4.5,2018,,0,,,
Courtland Sutton,WR,75,218,4.54,35.5,18,124,6.57,4.11,2018,SuttCo00,0,,,
Auden Tate,WR,77,228,4.68,31,,112,,,2018,TateAu00,0,,,
Marquez Valdes-Scantling,WR,76,206,4.37,30.5,15,124,,,2018,,0,,,
James Washington,WR,71,213,4.54,34.5,14,120,7.11,4.32,2018,WashJa00,0,,,
Jester Weah,WR,74,211,4.43,38,15,129,7.24,4.41,2018,WeahJe00,0,,,
Karaun White,WR,73,206,4.52,33.5,24,118,7.16,4.57,2018,,0,,,
Jake Wieneke,WR,76,221,4.67,34,9,114,7.24,4.37,2018,,0,,,
Cedrick Wilson,WR,74,197,4.55,37,9,121,6.89,4.23,2018,WilsCe01,0,,,
Javon Wims,WR,75,215,4.53,33.5,,113,7,,2018,WimsJa00,0,,,
