Rk,Player,Tm,Age,Pos,Year,G,GS,Tgt,Rec,Ctch%,Yds,Y/R,TD,1D,Succ%,Lng,Y/Tgt,R/G,Y/G,Fmb,Player-additional
1,Tim Brown*,OAK,31,WR,1997,16,16,162,104,64.20%,1408,13.5,5,66,57.4,59,8.7,6.5,88,1,BrowTi00
2,Herman Moore*+,DET,28,WR,1997,16,16,170,104,61.20%,1293,12.4,8,63,53.5,79,7.6,6.5,80.8,0,MoorHe00
3,Rob Moore*+,ARI,29,WR,1997,16,16,208,97,46.60%,1584,16.3,8,68,41.3,47,7.6,6.1,99,0,MoorRo00
4,Cris Carter*,MIN,32,WR,1997,16,16,158,89,56.30%,1069,12,13,55,48.7,43,6.8,5.6,66.8,3,CartCr00
5,Irving Fryar*,PHI,35,WR,1997,16,16,153,86,56.20%,1316,15.3,6,63,50.3,72,8.6,5.4,82.3,1,FryaIr00
6,Keenan McCardell,JAX,27,WR,1997,16,16,129,85,65.90%,1164,13.7,5,56,58.1,60,9,5.3,72.8,0,McCaKe00
7,Jimmy Smith*,JAX,28,WR,1997,16,16,152,82,53.90%,1324,16.1,4,63,47.4,75,8.7,5.1,82.8,1,SmitJi00
8,Antonio Freeman,GNB,25,WR,1997,16,16,137,81,59.10%,1243,15.3,12,62,55.5,58,9.1,5.1,77.7,1,FreeAn00
9,Johnnie Morton,DET,26,WR,1997,16,16,148,80,54.10%,1057,13.2,6,51,43.9,73,7.1,5,66.1,2,MortJo00
10,Yancey Thigpen*,PIT,28,WR,1997,16,15,149,79,53.00%,1398,17.7,7,61,46.3,69,9.4,4.9,87.4,1,ThigYa00
11,O.J. McDuffie,MIA,28,WR,1997,16,16,118,76,64.40%,943,12.4,1,0,0,55,8,4.8,58.9,0,McDuO.00
12,Michael Irvin,DAL,31,WR,1997,16,16,157,75,47.80%,1180,15.7,9,59,44.6,55,7.5,4.7,73.8,0,IrviMi00
13,Frank Sanders,ARI,24,WR,1997,16,16,143,75,52.40%,1017,13.6,4,49,44.1,70,7.1,4.7,63.6,3,SandFr00
14,Marvin Harrison,IND,25,WR,1997,16,15,117,73,62.40%,866,11.9,6,46,55.6,44,7.4,4.6,54.1,2,HarrMa00
15,Joey Galloway,SEA,26,WR,1997,15,15,147,72,49.00%,1049,14.6,12,55,47.6,53,7.1,4.8,69.9,1,GallJo00
16,Andre Rison*,KAN,30,WR,1997,16,16,151,72,47.70%,1092,15.2,7,53,43.7,45,7.2,4.5,68.3,0,RisoAn00
17,Shannon Sharpe*+,DEN,29,TE,1997,16,16,114,72,63.20%,1107,15.4,3,49,57,68,9.7,4.5,69.2,1,SharSh00
18,Keyshawn Johnson,NYJ,25,WR,1997,16,16,135,70,51.90%,963,13.8,5,49,47.4,39,7.1,4.4,60.2,0,JohnKe00
19,Rod Smith,DEN,27,WR,1997,16,16,131,70,53.40%,1180,16.9,12,52,47.3,78,9,4.4,73.8,3,SmitRo01
20,Michael Jackson,BAL,28,WR,1997,16,15,137,69,50.40%,918,13.3,4,43,43.1,54,6.7,4.3,57.4,2,JackMi00
21,Sean Dawkins,IND,26,WR,1997,14,12,111,68,61.30%,804,11.8,2,39,53.2,51,7.2,4.9,57.4,0,DawkSe00
22,Jake Reed,MIN,30,WR,1997,16,16,118,68,57.60%,1138,16.7,6,57,55.9,56,9.6,4.3,71.1,0,ReedJa00
23,Ben Coates*,NWE,28,TE,1997,16,16,98,66,67.30%,737,11.2,8,36,55.1,35,7.5,4.1,46.1,0,CoatBe00
24,Derrick Alexander,BAL,26,WR,1997,15,13,124,65,52.40%,1009,15.5,9,39,46.8,92,8.1,4.3,67.3,1,AlexDe00
25,Bert Emanuel,ATL,27,WR,1997,16,16,140,65,46.40%,991,15.2,9,48,40.7,56,7.1,4.1,61.9,2,EmanBe00
26,Eric Green,BAL,30,TE,1997,16,15,100,65,65.00%,601,9.2,5,29,51,37,6,4.1,37.6,1,GreeEr00
27,Mike Pritchard,SEA,28,WR,1997,16,15,115,64,55.70%,843,13.2,2,41,49.6,61,7.3,4,52.7,2,PritMi00
28,Tony Martin,SDG,32,WR,1997,16,16,146,63,43.20%,904,14.3,6,46,39.7,72,6.2,3.9,56.5,0,MartTo00
29,Frank Wycheck,TEN,26,TE,1997,16,16,99,63,63.60%,748,11.9,4,39,50.5,42,7.6,3.9,46.8,0,WychFr00
30,Terance Mathis,ATL,30,WR,1997,16,16,109,62,56.90%,802,12.9,6,40,53.2,49,7.4,3.9,50.1,0,MathTe00
31,Amp Lee,STL,26,RB,1997,16,1,93,61,65.60%,825,13.5,3,32,44.1,62,8.9,3.8,51.6,0,LeexAm00
32,Robert Brooks,GNB,27,WR,1997,15,15,118,60,50.80%,1010,16.8,7,43,46.6,48,8.6,4,67.3,0,BrooRo00
33,Quinn Early,BUF,32,WR,1997,16,16,122,60,49.20%,853,14.2,5,39,40.2,45,7,3.8,53.3,0,EarlQu00
34,Terrell Owens,SFO,24,WR,1997,16,15,103,60,58.30%,936,15.6,8,48,55.3,56,9.1,3.8,58.5,1,OwenTe00
35,Andre Reed,BUF,33,WR,1997,15,15,114,60,52.60%,880,14.7,5,38,43.9,77,7.7,4,58.7,1,ReedAn00
36,Kimble Anders*,KAN,31,FB,1997,15,14,72,59,81.90%,453,7.7,2,22,40.3,55,6.3,3.9,30.2,3,AndeKi00
37,Chris Calloway,NYG,29,WR,1997,16,16,98,58,59.20%,849,14.6,8,41,51,68,8.7,3.6,53.1,0,CallCh00
38,Wayne Chrebet,NYJ,24,WR,1997,16,1,102,58,56.90%,799,13.8,3,34,45.1,70,7.8,3.6,49.9,0,ChreWa00
39,Ricky Proehl,CHI,29,WR,1997,15,10,105,58,55.20%,753,13,7,40,46.7,78,7.2,3.9,50.2,2,ProeRi00
40,J.J. Stokes,SFO,25,WR,1997,16,16,80,58,72.50%,733,12.6,4,0,0,36,9.2,3.6,45.8,1,StokJ.00
41,Wesley Walls*,CAR,31,TE,1997,15,15,97,58,59.80%,746,12.9,6,41,52.6,52,7.7,3.9,49.7,0,WallWe00
42,Isaac Bruce,STL,25,WR,1997,12,12,119,56,47.10%,815,14.6,5,37,37.8,59,6.8,4.7,67.9,1,BrucIs00
43,Randal Hill,NOR,28,WR,1997,15,15,95,55,57.90%,761,13.8,2,28,44.2,89,8,3.7,50.7,0,HillRa00
44,Larry Centers,ARI,29,FB,1997,15,14,75,54,72.00%,409,7.6,1,22,48,29,5.5,3.6,27.3,1,CentLa00
45,Shawn Jefferson,NWE,28,WR,1997,16,14,93,54,58.10%,841,15.6,2,37,51.6,76,9,3.4,52.6,2,JeffSh00
46,Darnay Scott,CIN,25,WR,1997,16,15,97,54,55.70%,797,14.8,5,41,54.6,77,8.2,3.4,49.8,0,ScotDa00
47,Dorsey Levens*,GNB,27,RB,1997,16,16,67,53,79.10%,370,7,5,18,46.3,56,5.5,3.3,23.1,5,LeveDo00
48,Carl Pickens,CIN,27,WR,1997,12,12,95,52,54.70%,695,13.4,5,29,51.6,50,7.3,4.3,57.9,1,PickCa00
49,Jamie Asher,WAS,25,TE,1997,16,13,99,49,49.50%,474,9.7,1,27,35.4,24,4.8,3.1,29.6,0,AsheJa00
50,Rickey Dudley,OAK,25,TE,1997,16,16,91,48,52.70%,787,16.4,7,32,41.8,76,8.6,3,49.2,0,DudlRi00
51,Andre Hastings,NOR,27,WR,1997,16,16,118,48,40.70%,722,15,5,31,32.2,39,6.1,3,45.1,1,HastAn00
52,Kevin Turner,PHI,28,FB,1997,16,10,62,48,77.40%,443,9.2,3,24,53.2,36,7.1,3,27.7,1,TurnKe00
53,Ricky Watters,PHI,28,RB,1997,16,16,73,48,65.80%,440,9.2,0,20,43.8,37,6,3,27.5,3,WattRi00
54,Eric Bjornson,DAL,26,TE,1997,14,14,68,47,69.10%,442,9.4,0,21,52.9,32,6.5,3.4,31.6,2,BjorEr00
55,Marshall Faulk,IND,24,RB,1997,16,16,73,47,64.40%,471,10,1,15,35.6,58,6.5,2.9,29.4,5,FaulMa00
56,Chris Penn,CHI,26,WR,1997,14,4,110,47,42.70%,576,12.3,3,37,37.3,33,5.2,3.4,41.1,1,PennCh00
57,James Jett,OAK,27,WR,1997,16,16,101,46,45.50%,804,17.5,12,35,40.6,56,8,2.9,50.3,2,JettJa00
58,Charles Johnson,PIT,25,WR,1997,13,11,91,46,50.50%,568,12.3,2,27,46.2,49,6.2,3.5,43.7,0,JohnCh00
59,Anthony Miller,DAL,32,WR,1997,16,16,98,46,46.90%,645,14,4,30,39.8,54,6.6,2.9,40.3,1,MillAn00
60,Ryan Wetnight,CHI,27,TE,1997,16,3,65,46,70.80%,464,10.1,1,23,49.2,34,7.1,2.9,29,1,WetnRy00
61,Bobby Engram,CHI,24,WR,1997,11,11,76,45,59.20%,399,8.9,2,22,44.7,23,5.3,4.1,36.3,1,EngrBo00
62,Courtney Hawkins,PIT,28,WR,1997,15,3,69,45,65.20%,555,12.3,3,30,50.7,44,8,3,37,1,HawkCo00
63,Ed McCaffrey,DEN,29,WR,1997,15,15,85,45,52.90%,590,13.1,8,32,49.4,35,6.9,3,39.3,0,McCaEd00
64,Chris Warren,SEA,29,RB,1997,15,13,54,45,83.30%,257,5.7,0,12,42.6,20,4.8,3,17.1,2,WarrCh00
65,Rae Carruth,CAR,23,WR,1997,15,14,81,44,54.30%,545,12.4,4,26,48.1,52,6.7,2.9,36.3,2,CarrRa00
66,Willie Davis,TEN,30,WR,1997,16,15,89,43,48.30%,564,13.1,4,33,44.9,46,6.3,2.7,35.3,0,DaviWi00
67,Terrell Davis*+,DEN,25,RB,1997,15,15,58,42,72.40%,287,6.8,0,11,37.9,25,4.9,2.8,19.1,4,DaviTe00
68,Jeff Graham,NYJ,28,WR,1997,16,16,91,42,46.20%,542,12.9,2,26,41.8,47,6,2.6,33.9,0,GrahJe00
69,Jermaine Lewis,BAL,23,WR,1997,14,7,70,42,60.00%,648,15.4,6,28,45.7,42,9.3,3,46.3,3,LewiJe00
70,Michael Timpson,PHI,30,WR,1997,15,10,82,42,51.20%,484,11.5,2,30,42.7,26,5.9,2.8,32.3,1,TimpMi00
71,Troy Brown,NWE,26,WR,1997,16,6,69,41,59.40%,607,14.8,6,23,44.9,67,8.8,2.6,37.9,0,BrowTr00
72,William Henderson,GNB,26,FB,1997,16,14,48,41,85.40%,367,9,1,17,60.4,25,7.6,2.6,22.9,1,HendWi00
73,Lonnie Johnson,BUF,26,TE,1997,16,16,63,41,65.10%,340,8.3,2,14,36.5,62,5.4,2.6,21.3,2,JohnLo00
74,Freddie Jones,SDG,23,TE,1997,13,8,69,41,59.40%,505,12.3,2,19,44.9,62,7.3,3.2,38.8,0,JoneFr00
75,Curtis Martin,NWE,24,RB,1997,13,13,51,41,80.40%,296,7.2,1,12,51,22,5.8,3.2,22.8,3,MartCu00
76,James Stewart,JAX,26,RB,1997,16,5,49,41,83.70%,336,8.2,1,16,51,40,6.9,2.6,21,0,StewJa00
77,Scott Greene,CAR,25,FB,1997,16,14,57,40,70.20%,277,6.9,1,13,45.6,25,4.9,2.5,17.3,1,GreeSc00
78,Napoleon Kaufman,OAK,24,RB,1997,16,16,50,40,80.00%,403,10.1,2,13,48,70,8.1,2.5,25.2,7,KaufNa00
79,Eric Metcalf*+,SDG,29,WR,1997,16,1,77,40,51.90%,576,14.4,2,24,37.7,62,7.5,2.5,36,4,MetcEr00
80,Emmitt Smith,DAL,28,RB,1997,16,16,48,40,83.30%,234,5.9,0,6,35.4,24,4.9,2.5,14.6,1,SmitEm00
81,Troy Drayton,MIA,27,TE,1997,16,15,50,39,78.00%,558,14.3,4,24,64,30,11.2,2.4,34.9,0,DrayTr00
82,Warrick Dunn*,TAM,22,RB,1997,16,10,56,39,69.60%,462,11.8,3,19,41.1,59,8.3,2.4,28.9,4,DunnWa00
83,Terrell Fletcher,SDG,24,RB,1997,13,1,48,39,81.30%,292,7.5,0,17,47.9,25,6.1,3,22.5,4,FletTe00
84,Mark Chmura*,GNB,28,TE,1997,15,14,56,38,67.90%,417,11,6,25,58.9,32,7.4,2.5,27.8,1,ChmuMa00
85,Ernie Conwell,STL,25,TE,1997,16,16,60,38,63.30%,404,10.6,4,20,48.3,46,6.7,2.4,25.3,0,ConwEr00
86,William Floyd,SFO,25,FB,1997,15,15,54,37,68.50%,321,8.7,1,13,46.3,44,5.9,2.5,21.4,2,FloyWi00
87,Robert Smith,MIN,25,RB,1997,14,14,44,37,84.10%,197,5.3,1,10,36.4,20,4.5,2.6,14.1,0,SmitRo00
88,Charles Way,NYG,25,FB,1997,16,16,51,37,72.50%,304,8.2,1,12,45.1,62,6,2.3,19,3,WayxCh00
89,Rocket Ismail,CAR,28,WR,1997,13,2,65,36,55.40%,419,11.6,2,0,0,59,6.4,2.8,32.2,0,IsmaRa00
90,Brian Mitchell,WAS,29,RB,1997,16,1,50,36,72.00%,438,12.2,1,20,58,69,8.8,2.3,27.4,3,MitcBr00
91,Reidel Anthony,TAM,21,WR,1997,16,13,79,35,44.30%,448,12.8,4,23,38,38,5.7,2.2,28,0,AnthRe00
92,Pete Mitchell,JAX,26,TE,1997,16,12,47,35,74.50%,380,10.9,4,20,57.4,33,8.1,2.2,23.8,0,MitcPe00
93,Ted Popson,KAN,31,TE,1997,13,12,47,35,74.50%,320,9.1,2,18,48.9,21,6.8,2.7,24.6,0,PopsTe00
94,Tiki Barber,NYG,22,RB,1997,12,6,54,34,63.00%,299,8.8,1,13,42.6,29,5.5,2.8,24.9,3,BarbTi00
95,Larry Bowie,WAS,24,FB,1997,15,12,40,34,85.00%,388,11.4,2,19,62.5,39,9.7,2.3,25.9,2,BowiLa00
96,Tony McGee,CIN,26,TE,1997,16,16,53,34,64.20%,414,12.2,6,24,56.6,37,7.8,2.1,25.9,0,McGeTo00
97,James McKnight,SEA,25,WR,1997,12,6,64,34,53.10%,637,18.7,6,24,50,60,10,2.8,53.1,1,McKnJa00
98,Jerris McPhail,MIA,25,RB,1997,14,1,48,34,70.80%,262,7.7,1,12,41.7,19,5.5,2.4,18.7,1,McPhJe00
99,Michael Westbrook,WAS,25,WR,1997,13,9,92,34,37.00%,559,16.4,3,30,33.7,40,6.1,2.6,43,0,WestMi00
100,Mark Carrier,CAR,32,WR,1997,9,6,51,33,64.70%,436,13.2,2,26,64.7,36,8.5,3.7,48.4,1,CarrMa00
101,Horace Copeland,TAM,26,WR,1997,13,11,61,33,54.10%,431,13.1,1,19,45.9,49,7.1,2.5,33.2,3,CopeHo00
102,Tony Gonzalez,KAN,21,TE,1997,16,0,54,33,61.10%,368,11.2,2,21,51.9,30,6.8,2.1,23,0,GonzTo00
103,Barry Sanders*+,DET,29,RB,1997,16,16,50,33,66.00%,305,9.2,3,12,42,66,6.1,2.1,19.1,3,SandBa00
104,Karl Williams,TAM,26,WR,1997,16,7,55,33,60.00%,486,14.7,4,25,56.4,55,8.8,2.1,30.4,5,WillKa00
105,Henry Ellard,WAS,36,WR,1997,16,11,65,32,49.20%,485,15.2,4,29,46.2,27,7.5,2,30.3,0,EllaHe00
106,Andrew Glover,MIN,30,TE,1997,13,11,55,32,58.20%,378,11.8,3,15,45.5,43,6.9,2.5,29.1,0,GlovAn00
107,Charlie Jones,SDG,25,WR,1997,16,11,80,32,40.00%,423,13.2,1,16,30,44,5.3,2,26.4,0,JoneCh00
108,Torrance Small,STL,27,WR,1997,13,7,64,32,50.00%,488,15.3,1,22,45.3,46,7.6,2.5,37.5,0,SmalTo00
109,Eric Bieniemy,CIN,28,RB,1997,16,0,37,31,83.80%,249,8,0,13,48.6,21,6.7,1.9,15.6,2,BienEr00
110,Carlester Crumpler,SEA,26,TE,1997,15,12,44,31,70.50%,361,11.6,1,16,54.5,30,8.2,2.1,24.1,0,CrumCa00
111,Chris Sanders,TEN,25,WR,1997,15,14,64,31,48.40%,498,16.1,3,20,43.8,55,7.8,2.1,33.2,1,SandCh00
112,Ray Zellars,NOR,24,FB,1997,16,16,43,31,72.10%,263,8.5,0,5,32.6,38,6.1,1.9,16.4,6,ZellRa00
113,Brian Blades,SEA,32,WR,1997,11,3,55,30,54.50%,319,10.6,2,20,49.1,27,5.8,2.7,29,1,BladBr00
114,Curtis Conway,CHI,26,WR,1997,7,7,52,30,57.70%,476,15.9,1,18,51.9,55,9.2,4.3,68,0,ConwCu00
115,Thurman Thomas,BUF,31,RB,1997,16,16,43,30,69.80%,208,6.9,0,8,44.2,30,4.8,1.9,13,2,ThomTh00
116,Stepfret Williams,DAL,24,WR,1997,16,0,51,30,58.80%,308,10.3,1,21,49,20,6,1.9,19.3,0,WillSt00
117,Karim Abdul-Jabbar,MIA,23,RB,1997,16,14,49,29,59.20%,261,9,1,10,38.8,36,5.3,1.8,16.3,3,AbduKa00
118,Jamal Anderson,ATL,25,RB,1997,16,15,37,29,78.40%,284,9.8,3,14,56.8,47,7.7,1.8,17.8,4,AndeJa00
119,Harold Green,ATL,29,RB,1997,16,1,36,29,80.60%,360,12.4,0,12,44.4,47,10,1.8,22.5,0,GreeHa00
120,Brent Jones,SFO,34,TE,1997,13,12,47,29,61.70%,383,13.2,2,20,53.2,33,8.1,2.2,29.5,1,JoneBr00
121,Bam Morris,BAL,25,RB,1997,11,8,38,29,76.30%,176,6.1,0,8,39.5,15,4.6,2.6,16,4,MorrBa00
122,Eric Moulds,BUF,24,WR,1997,16,8,52,29,55.80%,294,10.1,0,18,42.3,32,5.7,1.8,18.4,3,MoulEr00
123,Leslie Shepherd,WAS,28,WR,1997,11,9,68,29,42.60%,562,19.4,5,25,38.2,48,8.3,2.6,51.1,0,ShepLe00
124,David Sloan,DET,25,TE,1997,14,12,49,29,59.20%,264,9.1,0,7,38.8,25,5.4,2.1,18.9,0,SloaDa00
125,Freddie Solomon,PHI,25,WR,1997,15,5,51,29,56.90%,455,15.7,3,21,47.1,56,8.9,1.9,30.3,3,SoloFr00
126,Raymont Harris,CHI,27,RB,1997,13,13,41,28,68.30%,115,4.1,0,6,26.8,16,2.8,2.2,8.8,1,HarrRa00
127,Bernie Parmalee,MIA,30,RB,1997,16,4,35,28,80.00%,301,10.8,1,17,65.7,29,8.6,1.8,18.8,1,ParmBe00
128,Antowain Smith,BUF,25,RB,1997,16,0,47,28,59.60%,177,6.3,0,10,31.9,19,3.8,1.8,11.1,4,SmitAn00
129,Lamar Thomas,MIA,27,WR,1997,12,6,52,28,53.80%,402,14.4,2,21,50,26,7.7,2.3,33.5,1,ThomLa00
130,Fred Baxter,NYJ,26,TE,1997,16,9,34,27,79.40%,276,10.2,3,13,52.9,37,8.1,1.7,17.3,1,BaxtFr00
131,Ken Dilger,IND,26,TE,1997,14,14,36,27,75.00%,380,14.1,3,16,66.7,43,10.6,1.9,27.1,0,DilgKe00
132,Corey Dillon,CIN,23,RB,1997,16,6,33,27,81.80%,259,9.6,0,8,66.7,28,7.8,1.7,16.2,1,DillCo00
133,David Dunn,CIN,25,WR,1997,14,5,53,27,50.90%,414,15.3,2,22,49.1,39,7.8,1.9,29.6,1,DunnDa00
134,Terry Glenn,NWE,23,WR,1997,9,9,49,27,55.10%,431,16,2,17,49,50,8.8,3,47.9,1,GlenTe00
135,Eric Guliford,NOR,28,WR,1997,16,2,56,27,48.20%,362,13.4,1,17,35.7,47,6.5,1.7,22.6,2,GuliEr00
136,Charles Jordan,MIA,28,WR,1997,14,1,55,27,49.10%,471,17.4,3,25,47.3,44,8.6,1.9,33.6,2,JordCh00
137,Muhsin Muhammad,CAR,24,WR,1997,13,5,62,27,43.50%,317,11.7,0,20,38.7,38,5.1,2.1,24.4,0,MuhaMu00
138,Adrian Murrell,NYJ,27,RB,1997,16,15,41,27,65.90%,106,3.9,0,4,26.8,23,2.6,1.7,6.6,4,MurrAd00
139,Richie Anderson,NYJ,26,FB,1997,16,3,35,26,74.30%,150,5.8,1,6,42.9,19,4.3,1.6,9.4,2,AndeRi00
140,Aaron Bailey,IND,26,WR,1997,13,4,57,26,45.60%,329,12.7,3,19,42.1,22,5.8,2,25.3,2,BailAa00
141,David Palmer,MIN,25,WR,1997,16,0,40,26,65.00%,193,7.4,1,9,37.5,23,4.8,1.6,12.1,2,PalmDa00
142,Jay Riemersma,BUF,24,TE,1997,16,8,40,26,65.00%,208,8,2,7,40,22,5.2,1.6,13,1,RiemJa00
143,Eddie Kennison,STL,24,WR,1997,14,9,64,25,39.10%,404,16.2,0,18,37.5,76,6.3,1.8,28.9,2,KennEd00
144,Brett Perriman,2TM,32,WR,1997,13,9,64,25,39.10%,392,15.7,1,0,0,27,6.1,1.9,30.2,0,PerrBr00
145,Brian Stablein,IND,27,WR,1997,16,0,31,25,80.60%,253,10.1,1,13,54.8,30,8.2,1.6,15.8,0,StabBr00
146,Steve Broussard,SEA,30,RB,1997,16,1,30,24,80.00%,143,6,1,6,36.7,20,4.8,1.5,8.9,0,BrouSt00
147,Tony Carter,CHI,25,FB,1997,16,10,34,24,70.60%,152,6.3,0,11,47.1,19,4.5,1.5,9.5,0,CartTo00
148,Charlie Garner,PHI,25,RB,1997,16,2,34,24,70.60%,225,9.4,0,8,58.8,27,6.6,1.5,14.1,1,GarnCh00
149,Bryan Still,SDG,23,WR,1997,15,4,44,24,54.50%,324,13.5,0,16,45.5,39,7.4,1.6,21.6,0,StilBr00
150,Mike Alstott*+,TAM,24,FB,1997,15,15,33,23,69.70%,178,7.7,3,13,48.5,26,5.4,1.5,11.9,5,AlstMi00
151,Vincent Brisby,NWE,26,WR,1997,16,4,46,23,50.00%,276,12,2,14,43.5,31,6,1.4,17.3,0,BrisVi00
152,Chris Gedney,ARI,27,TE,1997,16,3,28,23,82.10%,261,11.3,4,12,78.6,37,9.3,1.4,16.3,1,GednCh00
153,Terry Kirby,SFO,27,RB,1997,16,3,34,23,67.60%,279,12.1,1,10,38.2,82,8.2,1.4,17.4,3,KirbTe00
154,Brian Milne,CIN,24,FB,1997,16,16,32,23,71.90%,138,6,0,8,40.6,20,4.3,1.4,8.6,0,MilnBr00
155,Lamar Smith,SEA,27,RB,1997,12,2,28,23,82.10%,183,8,0,10,50,22,6.5,1.9,15.3,0,SmitLa00
156,Kyle Brady,NYJ,25,TE,1997,16,14,35,22,62.90%,238,10.8,2,12,54.3,24,6.8,1.4,14.9,1,BradKy00
157,Bob Christian,ATL,29,FB,1997,16,12,31,22,71.00%,154,7,1,6,54.8,19,5,1.4,9.6,3,ChriBo00
158,Sam Gash,NWE,28,FB,1997,16,5,29,22,75.90%,154,7,3,12,62.1,19,5.3,1.4,9.6,0,GashSa00
159,Gary Brown,SDG,28,RB,1997,15,14,30,21,70.00%,137,6.5,0,8,43.3,27,4.6,1.4,9.1,2,BrowGa00
160,Earnest Byner,BAL,35,RB,1997,16,5,31,21,67.70%,128,6.1,0,7,29,17,4.1,1.3,8,2,ByneEa00
161,Ki-Jana Carter,CIN,24,RB,1997,15,10,31,21,67.70%,157,7.5,0,7,32.3,35,5.1,1.4,10.5,3,CartKi00
162,Howard Cross,NYG,30,TE,1997,16,16,38,21,55.30%,150,7.1,2,7,39.5,26,3.9,1.3,9.4,1,CrosHo00
163,Lake Dawson,KAN,25,WR,1997,11,11,36,21,58.30%,273,13,2,14,47.2,27,7.6,1.9,24.8,0,DawsLa01
164,Charles Evans,MIN,30,FB,1997,16,13,30,21,70.00%,152,7.2,0,0,0,17,5.1,1.3,9.5,0,EvanCh00
165,Garrison Hearst,SFO,26,RB,1997,13,13,27,21,77.80%,194,9.2,2,8,37,69,7.2,1.6,14.9,2,HearGa00
166,Anthony Johnson,CAR,30,RB,1997,16,7,33,21,63.60%,158,7.5,1,5,30.3,25,4.8,1.3,9.9,2,JohnAn00
167,Erric Pegram,2TM,28,RB,1997,15,0,29,21,72.40%,90,4.3,0,0,0,14,3.1,1.4,6,1,PegrEr00
168,Sherman Williams,DAL,24,RB,1997,16,0,28,21,75.00%,159,7.6,0,6,57.1,18,5.7,1.3,9.9,5,WillSh00
169,Terry Allen,WAS,29,RB,1997,10,10,29,20,69.00%,172,8.6,1,7,51.7,38,5.9,2,17.2,2,AlleTe00
170,Keith Byars,NWE,34,FB,1997,16,8,40,20,50.00%,189,9.5,3,8,30,51,4.7,1.3,11.8,1,ByarKe00
171,Anthony Edwards,ARI,31,WR,1997,16,1,35,20,57.10%,203,10.2,0,9,40,33,5.8,1.3,12.7,0,EdwaAn00
172,Lamont Warren,IND,24,RB,1997,13,0,26,20,76.90%,192,9.6,0,9,50,31,7.4,1.5,14.8,0,WarrLa00
173,Kevin Williams,ARI,26,WR,1997,16,0,36,20,55.60%,273,13.7,1,15,50,31,7.6,1.3,17.1,3,WillKe00
174,Willie Green,DEN,31,WR,1997,16,1,43,19,44.20%,240,12.6,2,11,30.2,31,5.6,1.2,15,0,GreeWi00
175,Jackie Harris,TAM,29,TE,1997,12,11,34,19,55.90%,197,10.4,1,12,41.2,39,5.8,1.6,16.4,0,HarrJa00
176,Frank Hartley,SDG,30,TE,1997,16,16,38,19,50.00%,246,12.9,1,13,50,35,6.5,1.2,15.4,0,HartFr00
177,Dave Meggett,NWE,31,RB,1997,16,2,24,19,79.20%,203,10.7,1,0,0,49,8.5,1.2,12.7,2,MeggDa00
178,Dave Moore,TAM,28,TE,1997,16,7,26,19,73.10%,217,11.4,4,13,69.2,28,8.3,1.2,13.6,0,MoorDa00
179,Kevin Alexander,NYG,22,WR,1997,14,8,49,18,36.70%,276,15.3,1,14,28.6,40,5.6,1.3,19.7,0,AlexKe00
180,Mark Bruener,PIT,25,TE,1997,16,16,30,18,60.00%,117,6.5,6,10,50,18,3.9,1.1,7.3,1,BrueMa00
181,Stephen Davis,WAS,23,RB,1997,14,6,24,18,75.00%,134,7.4,0,8,45.8,19,5.6,1.3,9.6,1,DaviSt00
182,Ty Hallock,JAX,26,FB,1997,15,7,23,18,78.30%,131,7.3,1,6,52.2,23,5.7,1.2,8.7,0,HallTy00
183,Ronnie Harmon,2TM,33,RB,1997,12,0,21,18,85.70%,197,10.9,0,0,0,27,9.4,1.5,16.4,0,HarmRo00
184,Daryl Johnston,DAL,31,FB,1997,6,6,29,18,62.10%,166,9.2,1,8,48.3,21,5.7,3,27.7,1,JohnDa00
185,David LaFleur,DAL,23,TE,1997,16,5,24,18,75.00%,122,6.8,2,5,33.3,17,5.1,1.1,7.6,1,LaFlDa00
186,Derrick Mayes,GNB,23,WR,1997,12,3,35,18,51.40%,290,16.1,0,13,45.7,74,8.3,1.5,24.2,0,MayeDe00
187,Dedric Ward,NYJ,23,WR,1997,11,1,24,18,75.00%,212,11.8,1,10,58.3,33,8.8,1.6,19.3,1,WardDe00
188,Fred Barnett,MIA,31,WR,1997,6,5,45,17,37.80%,166,9.8,1,11,33.3,20,3.7,2.8,27.7,1,BarnFr00
189,John Farquhar,NOR,25,TE,1997,11,8,26,17,65.40%,253,14.9,1,9,50,42,9.7,1.5,23,0,FarqJo00
190,Willie Jackson,JAX,26,WR,1997,16,1,35,17,48.60%,206,12.1,2,13,40,45,5.9,1.1,12.9,1,JackWi00
191,Pete Metzelaars,DET,37,TE,1997,16,6,22,17,77.30%,144,8.5,0,6,59.1,22,6.5,1.1,9,0,MetzPe00
192,O.J. Santiago,ATL,23,TE,1997,11,11,32,17,53.10%,217,12.8,2,0,0,30,6.8,1.5,19.7,1,SantO.00
193,Irv Smith,NOR,26,TE,1997,11,8,36,17,47.20%,180,10.6,1,7,33.3,25,5,1.5,16.4,1,SmitIr00
194,James Hundon,CIN,26,WR,1997,16,0,31,16,51.60%,285,17.8,2,13,51.6,61,9.2,1,17.8,1,HundJa00
195,Leon Johnson,NYJ,23,RB,1997,16,1,21,16,76.20%,142,8.9,0,8,42.9,20,6.8,1,8.9,5,JohnLe00
196,George Jones,PIT,24,RB,1997,16,1,18,16,88.90%,96,6,1,4,33.3,25,5.3,1,6,3,JoneGe00
197,Todd Kinchen,ATL,28,WR,1997,16,0,23,16,69.60%,266,16.6,1,10,60.9,53,11.6,1,16.6,5,KincTo00
198,Amani Toomer,NYG,23,WR,1997,16,0,37,16,43.20%,263,16.4,1,12,35.1,56,7.1,1,16.4,0,ToomAm00
199,Tommy Vardell,DET,28,FB,1997,16,10,30,16,53.30%,218,13.6,0,9,33.3,37,7.3,1,13.6,1,VardTo00
200,Tyrone Wheatley,NYG,25,RB,1997,14,7,25,16,64.00%,140,8.8,0,5,40,27,5.6,1.1,10,3,WheaTy00
201,Harvey Williams,OAK,30,FB,1997,14,6,39,16,41.00%,147,9.2,2,7,28.2,32,3.8,1.1,10.5,0,WillHa00
202,Ryan Yarborough,BAL,26,WR,1997,16,3,31,16,51.60%,183,11.4,0,6,35.5,26,5.9,1,11.4,3,YarbRy00
203,Jerome Bettis*,PIT,25,RB,1997,15,15,24,15,62.50%,110,7.3,2,5,33.3,19,4.6,1,7.3,6,BettJe00
204,Zack Crockett,IND,25,FB,1997,16,11,24,15,62.50%,112,7.5,0,5,41.7,19,4.7,0.9,7,3,CrocZa00
205,Natrone Means,JAX,25,RB,1997,14,11,20,15,75.00%,104,6.9,0,3,45,21,5.2,1.1,7.4,5,MeanNa00
206,Derrick Fenner,OAK,30,FB,1997,9,7,17,14,82.40%,92,6.6,0,3,23.5,13,5.4,1.6,10.2,1,FennDe00
207,Keith Jennings,CHI,31,TE,1997,12,12,19,14,73.70%,164,11.7,0,7,52.6,23,8.6,1.2,13.7,0,JennKe00
208,Jimmie Johnson,PHI,31,TE,1997,16,11,22,14,63.60%,177,12.6,1,8,59.1,28,8,0.9,11.1,1,JohnJi00
209,Derrick Mason,TEN,23,WR,1997,16,2,30,14,46.70%,186,13.3,0,8,36.7,38,6.2,0.9,11.6,5,MasoDe00
210,Rodney Thomas,TEN,24,RB,1997,16,1,18,14,77.80%,111,7.9,0,5,38.9,22,6.2,0.9,6.9,1,ThomRo00
211,Iheanyi Uwaezuoke,SFO,24,WR,1997,14,0,24,14,58.30%,165,11.8,0,9,41.7,25,6.9,1,11.8,4,UwaeIh00
212,Herschel Walker,DAL,35,FB,1997,16,6,23,14,60.90%,149,10.6,2,7,43.5,64,6.5,0.9,9.3,0,WalkHe00
213,Troy Davis,NOR,22,RB,1997,16,7,18,13,72.20%,85,6.5,0,4,33.3,18,4.7,0.8,5.3,3,DaviTr00
214,Darick Holmes,BUF,26,RB,1997,13,0,20,13,65.00%,106,8.2,0,2,50,22,5.3,1,8.2,1,HolmDa00
215,David Patten,NYG,23,WR,1997,16,3,33,13,39.40%,226,17.4,2,9,36.4,40,6.8,0.8,14.1,2,PattDa00
216,Mark Seay,PHI,30,WR,1997,12,2,21,13,61.90%,187,14.4,1,12,57.1,38,8.9,1.1,15.6,3,SeayMa00
217,Mack Strong,SEA,26,FB,1997,16,9,21,13,61.90%,91,7,2,6,42.9,20,4.3,0.8,5.7,0,StroMa00
218,Robb Thomas,TAM,31,WR,1997,16,1,24,13,54.20%,129,9.9,0,6,45.8,21,5.4,0.8,8.1,0,ThomRo01
219,Marco Battaglia,CIN,24,TE,1997,16,0,22,12,54.50%,149,12.4,1,7,40.9,34,6.8,0.8,9.3,2,BattMa00
220,Will Blackwell,PIT,22,WR,1997,14,0,29,12,41.40%,168,14,1,6,20.7,46,5.8,0.9,12,3,BlacWi00
221,Fabien Bownes,CHI,25,WR,1997,16,0,20,12,60.00%,146,12.2,0,8,55,21,7.3,0.8,9.1,0,BownFa00
222,Dwayne Carswell,DEN,25,TE,1997,16,3,20,12,60.00%,96,8,1,4,40,24,4.8,0.8,6,0,CarsDw00
223,Jay Graham,BAL,22,RB,1997,13,3,14,12,85.70%,51,4.3,0,1,35.7,19,3.6,0.9,3.9,2,GrahJa00
224,Michael Haynes,ATL,32,WR,1997,12,0,31,12,38.70%,154,12.8,1,7,22.6,24,5,1,12.8,0,HaynMi00
225,Greg Hill,KAN,25,RB,1997,16,16,24,12,50.00%,126,10.5,0,4,41.7,39,5.3,0.8,7.9,1,HillGr00
226,Chad Lewis,PHI,26,TE,1997,16,3,21,12,57.10%,94,7.8,4,6,47.6,17,4.5,0.8,5.9,0,LewiCh00
227,Michael Roan,TEN,25,TE,1997,14,13,24,12,50.00%,159,13.3,0,8,45.8,26,6.6,0.9,11.4,0,RoanMi00
228,Derek Russell,TEN,28,WR,1997,11,2,37,12,32.40%,141,11.8,1,8,27,23,3.8,1.1,12.8,0,RussDe00
229,Marcus Allen,KAN,37,RB,1997,16,0,14,11,78.60%,86,7.8,0,6,50,18,6.1,0.7,5.4,4,AlleMa00
230,Keith Crawford,STL,27,WR,1997,15,2,19,11,57.90%,232,21.1,0,9,57.9,69,12.2,0.7,15.5,0,CrawKe00
231,Howard Griffith,DEN,30,FB,1997,15,13,17,11,64.70%,55,5,0,3,23.5,20,3.2,0.7,3.7,0,GrifHo00
232,Leroy Hoard,MIN,29,RB,1997,12,1,15,11,73.30%,84,7.6,0,1,46.7,30,5.6,0.9,7,0,HoarLe00
233,Brian Kinchen,BAL,32,TE,1997,16,7,15,11,73.30%,95,8.6,1,4,60,24,6.3,0.7,5.9,0,KincBr00
234,Ernie Mills,CAR,29,WR,1997,10,5,35,11,31.40%,127,11.5,1,9,28.6,37,3.6,1.1,12.7,0,MillEr00
235,Ed Perry,MIA,23,LS,1997,16,4,16,11,68.80%,45,4.1,1,4,37.5,10,2.8,0.7,2.8,0,PerrEd00
236,Lawrence Phillips,2TM,22,RB,1997,12,9,19,11,57.90%,39,3.5,0,0,0,17,2.1,0.9,3.3,3,PhilLa00
237,Chris Thomas,WAS,26,WR,1997,13,0,15,11,73.30%,93,8.5,0,8,73.3,17,6.2,0.8,7.2,0,ThomCh00
238,Chris Walsh,MIN,29,WR,1997,14,0,18,11,61.10%,114,10.4,1,9,61.1,19,6.3,0.8,8.1,0,WalsCh00
239,Tommie Boyd,DET,26,WR,1997,16,1,25,10,40.00%,142,14.2,0,6,36,32,5.7,0.6,8.9,0,BoydTo00
240,Christian Fauria,SEA,26,TE,1997,16,3,13,10,76.90%,110,11,0,5,61.5,25,8.5,0.6,6.9,0,FaurCh00
241,Tim Lester,PIT,29,FB,1997,16,13,15,10,66.70%,51,5.1,0,3,46.7,14,3.4,0.6,3.2,0,LestTi00
242,Aaron Pierce,NYG,28,TE,1997,16,4,19,10,52.60%,47,4.7,0,0,0,14,2.5,0.6,2.9,0,PierAa00
243,Marcus Pollard,IND,25,TE,1997,16,6,19,10,52.60%,116,11.6,0,8,52.6,28,6.1,0.6,7.3,0,PollMa00
244,Kenny Shedd,OAK,26,WR,1997,16,0,18,10,55.60%,115,11.5,0,5,33.3,19,6.4,0.6,7.2,0,ShedKe00
245,Darnell Autry,CHI,21,RB,1997,13,3,14,9,64.30%,59,6.6,0,2,28.6,14,4.2,0.7,4.5,2,AutrDa00
246,Albert Connell,WAS,23,WR,1997,5,1,17,9,52.90%,138,15.3,2,8,52.9,41,8.1,1.8,27.6,0,ConnAl00
247,Jeff Thomason,GNB,28,TE,1997,13,1,16,9,56.30%,115,12.8,1,5,50,27,7.2,0.7,8.8,1,ThomJe00
248,John Allred,CHI,23,TE,1997,15,4,13,8,61.50%,70,8.8,0,1,53.8,18,5.4,0.5,4.7,0,AllrJo00
249,Derek Brown,JAX,27,TE,1997,13,8,11,8,72.70%,84,10.5,1,4,63.6,21,7.6,0.6,6.5,0,BrowDe00
250,Greg Clark,SFO,25,TE,1997,15,4,10,8,80.00%,96,12,1,6,80,23,9.6,0.5,6.4,0,ClarGr00
251,Greg DeLong,MIN,24,TE,1997,16,3,12,8,66.70%,75,9.4,0,4,50,23,6.3,0.5,4.7,1,DeLoGr00
252,Craig Heyward,STL,31,FB,1997,16,12,13,8,61.50%,77,9.6,0,4,46.2,25,5.9,0.5,4.8,1,HeywCr00
253,Tyrone Hughes,CHI,27,DB,1997,14,0,16,8,50.00%,68,8.5,0,5,31.3,16,4.3,0.6,4.9,2,HughTy00
254,Fred Lane,CAR,22,RB,1997,13,7,13,8,61.50%,27,3.4,0,0,30.8,7,2.1,0.6,2.1,4,LaneFr00
255,Jerald Moore,STL,23,RB,1997,9,5,12,8,66.70%,69,8.6,0,2,50,19,5.8,0.9,7.7,4,MoorJe00
256,Lorenzo Neal,NYJ,27,FB,1997,16,3,13,8,61.50%,40,5,1,3,30.8,14,3.1,0.5,2.5,0,NealLo00
257,Donnell Bennett,KAN,25,RB,1997,14,1,9,7,77.80%,5,0.7,0,1,11.1,4,0.6,0.5,0.4,0,BennDo00
258,Pat Carter,ARI,31,TE,1997,16,10,10,7,70.00%,44,6.3,1,4,50,15,4.4,0.4,2.8,0,CartPa00
259,Jason Dunn,PHI,24,TE,1997,15,4,13,7,53.80%,93,13.3,2,3,38.5,31,7.2,0.5,6.2,0,DunnJa00
260,Eddie George*,TEN,24,RB,1997,16,16,12,7,58.30%,44,6.3,1,3,25,15,3.7,0.4,2.8,4,GeorEd00
261,Hunter Goodwin,MIN,25,TE,1997,16,5,14,7,50.00%,61,8.7,0,4,28.6,14,4.4,0.4,3.8,0,GoodHu00
262,Daryl Hobbs,2TM,29,WR,1997,14,0,17,7,41.20%,85,12.1,1,0,0,21,5,0.5,6.1,1,HobbDa00
263,Danan Hughes,KAN,27,WR,1997,16,1,13,7,53.80%,65,9.3,2,5,46.2,14,5,0.4,4.1,0,HughDa00
264,Brian Kozlowski,ATL,27,TE,1997,16,5,11,7,63.60%,99,14.1,1,5,63.6,29,9,0.4,6.2,0,KozlBr00
265,Brian Manning,MIA,22,WR,1997,7,0,13,7,53.80%,85,12.1,0,4,46.2,21,6.5,1,12.1,0,MannBr00
266,Leeland McElroy,ARI,23,RB,1997,14,8,12,7,58.30%,32,4.6,0,1,25,17,2.7,0.5,2.3,3,McElLe00
267,Johnny McWilliams,ARI,25,TE,1997,16,7,8,7,87.50%,75,10.7,0,5,75,15,9.4,0.4,4.7,0,McWiJo00
268,Jerry Rice,SFO,35,WR,1997,2,1,8,7,87.50%,78,11.1,1,4,62.5,16,9.8,3.5,39,0,RiceJe00
269,James Roe,BAL,24,WR,1997,12,4,14,7,50.00%,124,17.7,0,5,50,29,8.9,0.6,10.3,1,RoexJa00
270,Irving Spikes,MIA,27,RB,1997,12,1,10,7,70.00%,70,10,0,3,70,24,7,0.6,5.8,3,SpikIr00
271,Olanda Truitt,OAK,26,WR,1997,14,0,12,7,58.30%,91,13,1,3,33.3,19,7.6,0.5,6.5,1,TruiOl00
272,Tamarick Vanover,KAN,23,WR,1997,16,0,17,7,41.20%,92,13.1,0,5,35.3,42,5.4,0.4,5.8,6,VanoTa00
273,Ed West,ATL,36,TE,1997,12,3,13,7,53.80%,63,9,1,3,46.2,23,4.8,0.6,5.3,0,WestEd00
274,Marc Edwards,SFO,23,FB,1997,15,1,10,6,60.00%,48,8,0,2,40,19,4.8,0.4,3.2,0,EdwaMa00
275,Byron Hanspard,ATL,21,RB,1997,16,0,7,6,85.70%,53,8.8,1,3,71.4,21,7.6,0.4,3.3,3,HansBy00
276,Joey Kent,TEN,23,WR,1997,12,0,10,6,60.00%,55,9.2,1,3,50,19,5.5,0.5,4.6,0,KentJo00
277,Winslow Oliver,CAR,24,RB,1997,6,0,7,6,85.70%,47,7.8,0,2,57.1,11,6.7,1,7.8,2,OlivWi00
278,Reggie Barlow,JAX,24,WR,1997,16,0,9,5,55.60%,74,14.8,0,3,55.6,29,8.2,0.3,4.6,2,BarlRe00
279,Mario Bates,NOR,24,RB,1997,12,7,11,5,45.50%,42,8.4,0,2,27.3,15,3.8,0.4,3.5,2,BateMa00
280,Chad Fann,SFO,27,TE,1997,11,0,6,5,83.30%,78,15.6,0,5,83.3,21,13,0.5,7.1,0,FannCh00
281,Mark Harris,SFO,27,WR,1997,10,0,8,5,62.50%,53,10.6,0,2,37.5,16,6.6,0.5,5.3,0,HarrMa01
282,Chris Jones,PHI,26,WR,1997,4,1,9,5,55.60%,73,14.6,0,0,0,32,8.1,1.3,18.3,0,JoneCh01
283,Damon Jones,JAX,23,TE,1997,11,3,8,5,62.50%,87,17.4,2,3,62.5,26,10.9,0.5,7.9,0,JoneDa00
284,Aaron Laing,STL,26,TE,1997,15,3,11,5,45.50%,31,6.2,1,2,36.4,11,2.8,0.3,2.1,0,LainAa00
285,Chuck Levy,SFO,25,RB,1997,14,0,9,5,55.60%,68,13.6,0,3,33.3,30,7.6,0.4,4.9,1,LevyCh00
286,Thomas Lewis,NYG,25,WR,1997,4,2,20,5,25.00%,84,16.8,0,3,25,34,4.2,1.3,21,0,LewiTh00
287,Glyn Milburn,DET,26,WR,1997,16,1,10,5,50.00%,77,15.4,0,2,30,43,7.7,0.3,4.8,3,MilbGl00
288,Stanley Pritchett,MIA,24,FB,1997,6,5,8,5,62.50%,35,7,0,2,37.5,17,4.4,0.8,5.8,0,PritSt00
289,Lovett Purnell,NWE,25,TE,1997,16,2,7,5,71.40%,57,11.4,3,4,57.1,20,8.1,0.3,3.6,0,PurnLo00
290,Cory Schlesinger,DET,25,FB,1997,16,2,7,5,71.40%,69,13.8,1,3,42.9,33,9.9,0.3,4.3,0,SchlCo00
291,Derrick Walker,KAN,30,TE,1997,16,5,6,5,83.30%,60,12,0,2,83.3,22,10,0.3,3.8,0,WalkDe00
292,Aaron Craver,SDG,29,FB,1997,15,5,6,4,66.70%,26,6.5,0,1,33.3,20,4.3,0.3,1.7,0,CravAa00
293,Malcolm Floyd,2TM,25,WR,1997,5,0,10,4,40.00%,39,9.8,0,0,0,14,3.9,0.8,7.8,0,FloyMa01
294,Patrick Hape,TAM,23,TE,1997,14,3,6,4,66.70%,22,5.5,1,2,50,13,3.7,0.3,1.6,1,HapePa00
295,Ronnie Harris,SEA,27,WR,1997,13,0,6,4,66.70%,81,20.3,0,3,66.7,34,13.5,0.3,6.2,4,HarrRo00
296,Desmond Howard,OAK,27,WR,1997,15,0,5,4,80.00%,30,7.5,0,0,0,9,6,0.3,2,2,HowaDe00
297,James Jenkins,WAS,30,TE,1997,16,5,6,4,66.70%,43,10.8,3,4,66.7,20,7.2,0.3,2.7,0,JenkJa00
298,Mitch Lyons,PIT,27,TE,1997,10,3,4,4,100.00%,29,7.3,0,2,75,13,7.3,0.4,2.9,0,LyonMi00
299,Kris Mangum,CAR,24,TE,1997,2,1,7,4,57.10%,56,14,0,3,57.1,22,8,2,28,0,MangKr00
300,Fred McCrary,NOR,25,FB,1997,7,0,4,4,100.00%,17,4.3,0,2,50,11,4.3,0.6,2.4,0,McCrFr00
301,Ronald Moore,2TM,27,RB,1997,13,4,5,4,80.00%,34,8.5,0,0,0,13,6.8,0.3,2.6,0,MoorRo01
302,Keith Poole,NOR,23,WR,1997,3,0,6,4,66.70%,98,24.5,2,3,50,49,16.3,1.3,32.7,0,PoolKe00
303,Detron Smith,DEN,23,RB,1997,16,0,5,4,80.00%,41,10.3,1,2,60,17,8.2,0.3,2.6,0,SmitDe00
304,Tim Tindale,BUF,26,FB,1997,7,0,5,4,80.00%,105,26.3,0,2,80,45,21,0.6,15,0,TindTi00
305,Gunnard Twyner,2TM,24,WR,1997,4,0,7,4,57.10%,45,11.3,0,0,0,16,6.4,1,11.3,0,TwynGu20
306,Moe Williams,MIN,23,RB,1997,14,0,5,4,80.00%,14,3.5,0,0,40,7,2.8,0.3,1,0,WillMo00
307,Brett Bech,NOR,26,WR,1997,10,0,10,3,30.00%,50,16.7,0,2,20,22,5,0.3,5,0,BechBr00
308,Pete Chryplewicz,DET,23,TE,1997,10,0,3,3,100.00%,27,9,1,3,100,12,9,0.3,2.7,0,ChryPe00
309,Billy Davis,DAL,25,WR,1997,16,0,4,3,75.00%,33,11,0,3,75,12,8.3,0.2,2.1,0,DaviBi00
310,John Davis,TAM,24,TE,1997,8,2,5,3,60.00%,35,11.7,0,2,40,16,7,0.4,4.4,0,DaviJo00
311,Matthew Hatchette,MIN,23,WR,1997,16,0,12,3,25.00%,54,18,0,3,25,38,4.5,0.2,3.4,0,HatcMa00
312,Vaughn Hebron,DEN,27,RB,1997,16,1,5,3,60.00%,36,12,0,2,40,21,7.2,0.2,2.3,1,HebrVa00
313,Patrick Jeffers,DEN,24,WR,1997,10,0,5,3,60.00%,24,8,0,1,40,10,4.8,0.3,2.4,0,JeffPa00
314,LeShon Johnson,ARI,26,RB,1997,14,0,3,3,100.00%,4,1.3,0,0,33.3,7,1.3,0.2,0.3,0,JohnLe01
315,Marc Logan,WAS,32,RB,1997,15,1,6,3,50.00%,6,2,0,0,0,5,1,0.2,0.4,1,LogaMa00
316,Roosevelt Potts,2TM,26,RB,1997,8,1,5,3,60.00%,27,9,0,0,0,13,5.4,0.4,3.4,0,PottRo00
317,Tony Richardson,KAN,26,FB,1997,14,0,3,3,100.00%,6,2,3,3,100,3,2,0.2,0.4,0,RichTo00
318,Jermaine Ross,STL,26,WR,1997,4,0,12,3,25.00%,37,12.3,0,3,25,14,3.1,0.8,9.3,0,RossJe00
319,Scott Slutzker,IND,25,TE,1997,12,2,7,3,42.90%,22,7.3,0,1,28.6,11,3.1,0.3,1.8,0,SlutSc00
320,Alex Van Dyke,NYJ,23,WR,1997,5,0,4,3,75.00%,53,17.7,2,3,75,18,13.3,0.6,10.6,0,VanDAl00
321,Don Beebe,GNB,33,WR,1997,10,0,10,2,20.00%,28,14,0,1,20,23,2.8,0.2,2.8,0,BeebDo00
322,Kenny Bynum,SDG,23,RB,1997,13,0,2,2,100.00%,4,2,0,0,0,3,2,0.2,0.3,0,BynuKe00
323,Byron Chamberlain,DEN,26,TE,1997,10,0,3,2,66.70%,18,9,0,1,66.7,9,6,0.2,1.8,1,ChamBy00
324,Derrick Cullors,NWE,25,RB,1997,15,1,5,2,40.00%,8,4,0,0,0,6,1.6,0.1,0.5,3,CullDe00
325,Tyree Davis,SEA,27,WR,1997,13,1,4,2,50.00%,48,24,0,2,50,37,12,0.2,3.7,1,DaviTy20
326,Tyrone Davis,GNB,25,TE,1997,13,0,4,2,50.00%,28,14,1,2,50,26,7,0.2,2.2,0,DaviTy00
327,Jerone Davison,OAK,27,RB,1997,8,1,6,2,33.30%,34,17,0,1,33.3,25,5.7,0.3,4.3,0,DaviJe26
328,Chris Doering,IND,24,WR,1997,2,0,2,2,100.00%,12,6,0,0,0,8,6,1,6,0,DoerCh00
329,Scott Galbraith,DAL,30,TE,1997,16,0,3,2,66.70%,16,8,0,1,66.7,11,5.3,0.1,1,0,GalbSc00
330,Carwell Gardner,SDG,31,FB,1997,5,2,2,2,100.00%,10,5,0,0,50,8,5,0.4,2,0,GardCa00
331,Alvin Harper,WAS,29,WR,1997,12,0,20,2,10.00%,65,32.5,0,2,10,52,3.3,0.2,5.4,0,HarpAl00
332,Aaron Hayden,GNB,24,RB,1997,14,0,2,2,100.00%,11,5.5,0,2,100,7,5.5,0.1,0.8,0,HaydAa00
333,Ike Hilliard,NYG,21,WR,1997,2,2,5,2,40.00%,42,21,0,2,40,23,8.4,1,21,0,HillIk00
334,Joe Horn,KAN,25,WR,1997,8,0,7,2,28.60%,65,32.5,0,2,28.6,47,9.3,0.3,8.1,0,HornJo00
335,Mitch Jacoby,STL,24,TE,1997,14,2,3,2,66.70%,10,5,0,1,33.3,10,3.3,0.1,0.7,0,JacoMi00
336,Chad Levitt,OAK,22,RB,1997,10,2,9,2,22.20%,24,12,0,1,11.1,22,2.7,0.2,2.4,0,LeviCh20
337,Derek Loville,DEN,29,RB,1997,16,0,2,2,100.00%,10,5,0,0,0,7,5,0.1,0.6,1,LoviDe00
338,Curtis Marsh,PIT,27,WR,1997,5,0,7,2,28.60%,14,7,0,2,28.6,8,2,0.4,2.8,0,MarsCu00
339,Deems May,SEA,28,TE,1997,16,0,5,2,40.00%,21,10.5,0,2,40,11,4.2,0.1,1.3,0,MayxDe00
340,Fred McAfee,PIT,29,RB,1997,14,0,2,2,100.00%,44,22,0,2,100,30,22,0.1,3.1,1,McAfFr00
341,Kez McCorvey,DET,25,WR,1997,7,0,2,2,100.00%,9,4.5,0,1,50,6,4.5,0.3,1.3,0,McCoKe20
342,Rashaan Salaam,CHI,23,RB,1997,3,3,3,2,66.70%,20,10,0,1,33.3,18,6.7,0.7,6.7,2,SalaRa00
343,Bill Schroeder,GNB,26,WR,1997,15,1,8,2,25.00%,15,7.5,1,1,25,8,1.9,0.1,1,4,SchrBi00
344,Cedric Smith,ARI,29,FB,1997,16,3,3,2,66.70%,20,10,0,1,33.3,18,6.7,0.1,1.3,0,SmitCe00
345,Eric Smith,CHI,26,WR,1997,7,0,6,2,33.30%,22,11,0,2,33.3,12,3.7,0.3,3.1,0,SmitEr21
346,Duce Staley,PHI,22,RB,1997,16,0,3,2,66.70%,22,11,0,1,33.3,22,7.3,0.1,1.4,0,StalDu00
347,J.T. Thomas,STL,26,WR,1997,4,0,8,2,25.00%,25,12.5,0,0,0,16,3.1,0.5,6.3,0,ThomJ.00
348,James Thrash,WAS,22,WR,1997,4,0,3,2,66.70%,24,12,0,2,66.7,17,8,0.5,6,0,ThraJa00
349,Mike Adams,PIT,23,WR,1997,6,0,,1,0.00%,39,39,0,0,,39,,0.2,6.5,1,AdamMi00
350,Tremayne Allen,CHI,23,TE,1997,2,0,1,1,100.00%,9,9,0,0,0,9,9,0.5,4.5,0,AlleTr00
351,Kirk Botkin,PIT,26,TE,1997,13,1,2,1,50.00%,11,11,0,0,0,11,5.5,0.1,0.8,0,BotkKi20
352,Tony Bouie,TAM,25,DB,1997,16,1,1,1,100.00%,25,25,0,1,100,25,25,0.1,1.6,0,BouiTo20
353,Fred Brock,ARI,23,WR,1997,2,0,2,1,50.00%,29,29,0,1,50,29,14.5,0.5,14.5,0,BrocFr00
354,Corwin Brown,NYJ,27,DB,1997,16,0,1,1,100.00%,26,26,0,1,100,26,26,0.1,1.6,0,BrowCo21
355,Tony Cline,BUF,26,TE,1997,10,1,2,1,50.00%,29,29,0,1,50,29,14.5,0.1,2.9,0,ClinTo00
356,DeWayne Dotson,MIA,26,LB,1997,10,2,5,1,20.00%,4,4,0,0,0,4,0.8,0.1,0.4,0,DotsDe20
357,Jerry Ellison,TAM,26,RB,1997,16,0,2,1,50.00%,8,8,0,0,0,8,4,0.1,0.5,0,ElliJe00
358,Tarik Glenn,IND,21,RG,1997,16,16,1,1,100.00%,3,3,0,0,0,3,3,0.1,0.2,0,GlenTa99
359,Scottie Graham,CIN,28,RB,1997,5,0,1,1,100.00%,1,1,0,0,0,1,1,0.2,0.2,0,GrahSc00
360,Robert Green,MIN,27,RB,1997,3,1,1,1,100.00%,5,5,0,0,0,5,5,0.3,1.7,0,GreeRo00
361,Mike Gruttadauria,STL,25,C,1997,14,14,1,1,100.00%,0,0,0,0,0,0,0,0.1,0,0,GrutMi20
362,Dana Hall,JAX,28,DB,1997,16,0,1,1,100.00%,22,22,0,1,100,22,22,0.1,1.4,0,HallDa20
363,Tim Hall,OAK,23,RB,1997,16,0,4,1,25.00%,9,9,0,0,25,9,2.3,0.1,0.6,0,HallTi20
364,Dietrich Jells,NWE,25,WR,1997,11,0,2,1,50.00%,9,9,0,0,0,9,4.5,0.1,0.8,0,JellDi00
365,Brad Johnson,MIN,29,QB,1997,13,13,1,1,100.00%,3,3,1,1,100,3,3,0.1,0.2,4,JohnBr00
366,Tony Johnson,NOR,25,TE,1997,7,1,1,1,100.00%,13,13,0,0,0,13,13,0.1,1.9,1,JohnTo00
367,Andrew Jordan,2TM,25,TE,1997,4,0,1,1,100.00%,0,0,0,0,0,0,0,0.3,0,0,JordAn00
368,Roderick Lewis,TEN,26,TE,1997,10,1,3,1,33.30%,7,7,0,0,0,7,2.3,0.1,0.7,0,LewiRo00
369,Kevin Lockett,KAN,23,WR,1997,9,0,2,1,50.00%,35,35,0,1,50,35,17.5,0.1,3.9,0,LockKe00
370,Anthony Lynn,DEN,29,RB,1997,16,0,1,1,100.00%,21,21,0,1,100,21,21,0.1,1.3,0,LynnAn00
371,Terry Mickens,GNB,26,WR,1997,11,0,5,1,20.00%,2,2,1,1,20,2,0.4,0.1,0.2,0,MickTe00
372,Shannon Mitchell,SDG,25,TE,1997,4,1,3,1,33.30%,14,14,0,1,33.3,14,4.7,0.3,3.5,0,MitcSh00
373,Will Moore,JAX,27,WR,1997,11,0,1,1,100.00%,10,10,0,0,0,10,10,0.1,0.9,0,MoorWi00
374,Tom Nalen*,DEN,26,C,1997,16,16,1,1,100.00%,-1,-1,0,0,0,-1,-1,0.1,-0.1,0,NaleTo00
375,Erik Norgard,TEN,32,G,1997,16,0,1,1,100.00%,2,2,1,1,100,2,2,0.1,0.1,0,NorgEr20
376,Jake Plummer,ARI,23,QB,1997,10,9,1,1,100.00%,2,2,0,0,0,2,2,0.1,0.2,6,PlumJa00
377,Alfred Pupunu,3TM,28,TE,1997,9,1,2,1,50.00%,7,7,0,0,0,7,3.5,0.1,0.8,0,PupuAl00
378,Walter Rasby,CAR,25,TE,1997,14,2,2,1,50.00%,1,1,0,0,0,1,0.5,0.1,0.1,0,RasbWa00
379,Jerry Reese,BUF,24,WR,1997,5,0,9,1,11.10%,13,13,0,1,11.1,13,1.4,0.2,2.6,0,ReesJe21
380,Troy Sadowski,PIT,32,TE,1997,6,0,1,1,100.00%,12,12,0,1,100,12,12,0.2,2,0,SadoTr00
381,Nick Savoie,NOR,24,TE,1997,1,0,,1,0.00%,14,14,0,0,,14,,1,14,0,SavoNi20
382,Ed Smith,ATL,28,TE,1997,5,1,3,1,33.30%,2,2,0,0,0,2,0.7,0.2,0.4,0,SmitEd00
383,Jerald Sowell,NYJ,23,FB,1997,9,0,2,1,50.00%,8,8,0,1,50,8,4,0.1,0.9,0,SoweJe00
384,Vinny Testaverde,BAL,34,QB,1997,13,13,1,1,100.00%,-4,-4,0,0,0,-4,-4,0.1,-0.3,11,TestVi00
385,Zach Wiegert,STL,25,RG,1997,15,15,1,1,100.00%,1,1,0,1,100,1,1,0.1,0.1,0,WiegZa20
386,Jon Witman,PIT,25,RB,1997,16,2,4,1,25.00%,3,3,0,0,0,3,0.8,0.1,0.2,0,WitmJo00
387,Wes Bender,NOR,27,RB,1997,11,0,4,0,0.00%,0,,0,0,0,0,0,0,0,1,BendWe00
388,Tim Biakabutuka,CAR,23,RB,1997,8,2,3,0,0.00%,0,,0,0,0,0,0,0,0,1,BiakTi00
389,Andre Coleman,2TM,25,WR,1997,10,0,1,0,0.00%,0,,0,0,0,0,0,0,0,2,ColeAn00
390,Rob Coons,BUF,28,TE,1997,12,0,2,0,0.00%,0,,0,0,0,0,0,0,0,0,CoonRo20
391,Ray Crittenden,SDG,27,WR,1997,2,0,1,0,0.00%,0,,0,0,0,0,0,0,0,,CritRa00
392,Charles Dimry,PHI,31,RCB,1997,15,9,1,0,0.00%,0,,0,0,0,0,0,0,0,1,DimrCh20
393,Mike Dulaney,CHI,27,RB,1997,7,0,1,0,0.00%,0,,0,0,0,0,0,0,0,1,DulaMi00
394,Mitchell Galloway,BUF,23,WR,1997,3,0,5,0,0.00%,0,,0,0,0,0,0,0,0,1,GallMi20
395,Jeff George,OAK,30,QB,1997,16,16,1,0,0.00%,0,,0,0,0,0,0,0,0,7,GeorJe00
396,Mercury Hayes,2TM,24,WR,1997,6,0,1,0,0.00%,0,,0,0,0,0,0,0,0,,HayeMe21
397,Chris Hetherington,IND,25,FB,1997,16,0,1,0,0.00%,0,,0,0,0,0,0,0,0,0,HethCh00
398,Qadry Ismail,MIA,27,WR,1997,3,0,1,0,0.00%,0,,0,0,0,0,0,0,0,0,IsmaQa00
399,Nate Jacquet,IND,22,WR,1997,5,0,3,0,0.00%,0,,0,0,0,0,0,0,0,1,JacqNa00
400,Mike Jenkins,CIN,23,WR,1997,4,0,1,0,0.00%,0,,0,0,0,0,0,0,0,,JenkMi20
401,Deion Sanders*+,DAL,30,RCB,1997,13,12,1,0,0.00%,0,,0,0,0,0,0,0,0,1,SandDe00
402,Sedrick Shaw,NWE,24,RB,1997,1,0,1,0,0.00%,0,,0,0,0,0,0,0,0,,ShawSe00
403,Steve Tasker,BUF,35,WR,1997,14,0,4,0,0.00%,0,,0,0,0,0,0,0,0,1,TaskSt00
404,David Thompson,STL,22,RB,1997,11,0,2,0,0.00%,0,,0,0,0,0,0,0,0,2,ThomDa00
